Id,Predicted
1a4545ae6128dab578f90fb22b55758a,6152
1bc5d2ff9a7e9fdbff5f2f68f42ff64e,87917
e297ec8d07a7b8b96c4ae16236d3b442,2462
f34c7b3405df590f88d4cf7b046ebed6,
629ab866836150706a45ee0e9108697a,
e9354283b9347e71986d122546c029f0,
d0e04d5459f95a125099dacc72e9ea01,
f620c24a7a3a519d91391d6dbb34bc7d,
815f592afe9145ae0804d692094e5f5b,
ad97c105d62dd6bac2ce2aeb14eed4e5,
897d266a963661d9bf56dcd4046fb6d5,
ec4866bb87efda54604b02c7d030d7b0,
576a3b44fbac61068471295cd724a824,
10adae59450cdfd7333f0d5bf6de52b3,
490350e439055d2b16c8d7bb51396131,
c2b6aca92eec6798244a26d5e0e8e0cc,
dd5b961042db22902d557428d70fb21e,
71d82ff242f8cffe85447b1167d9cafe,
de37ac3dbeba1faec713590e89089be2,
bf93f2e00d47cf49f753ae2f2df3ad32,
7b7bf9a0c1c9a8e351a27552973ad23c,
6ec80621546b340fa0ea2fb3f2a06e9f,
ee218d2f7a029cfee85abe7c4e4c886e,
1a1951391dd55d972f77c1bc8340aa07,
98becf05d75363a3f3a63f7c438d6786,
3c4a3267c0b24ff3a9d0d809626c0cd4,
5cd3ebdf345db579363c81161b51aab4,
24f9264e51c9d616f9eb50b44976ca06,
bb29db61e9a6eb79292556773cbfeacc,
912616c574f60e7cebaadae459ba9a1b,
16cb6b3722c27a0556f84b109e12fa3e,
43d4b1be8e7e56cbc3197fc5aed70ee6,
f51426f6fae668669e33a554e1f66696,
c84d53b58dc05f78d2d868f2f6b7004f,
381c2f412b93a099a42dd3337fec9b88,
454a99d0456f80afe5a3d4c5ee2b9f85,
afe0c7d672cb23490ad3396429bde18b,
f4a62cd6d4ebc4b1b9ac569b6dbdf948,
23ea0df61e45476bceabeba9df098d3f,
986a97e7e06ecfb8a0ce4c49f930b2ec,
fbdaa8b1a3f6875030d324358a3f09ea,
3dc028a188597ea8dbec787717ad0f2a,
47992ba01d276ebb519272cf8656c1c7,
799789a7a21b4480717c0d26babcf8a4,
c8706699d4d8b18c13ce06852c0dfdee,
2973b36f61954bfa3bae3af0aa5ab91b,
4bd8171707301bda1ec15edb996286d5,
3a52676b33b98df32584024fa871fd8b,
59da812b04226ca16f5b6fb12ba9f2b5,
e32d769b0c3d04e7ad8b7fa4ce4ef4e0,
8970918f3ad652deb83ceb965f1e76b8,
407b1285f563433cdd3809cdafd73f10,
52e73865f6cb1f3a761ae18f74591888,
fcff4b31e7fa4aa6c05b38a51212237d,
9f20d2c19b71ed95a4c99b81da6a7378,
f5c5de423e50fbbb0bb07c817541adad,
23b391df98f91aff4d5e7764db315659,
e7666b3c38d00e573e108cb0061dd29a,
f489b2ac6857b4497a5bc1fd2d7fdf33,
288e4b2cd18e12c4e11d2c4cb74c2c30,
11fa7518389d111586e05d866bf6dc14,
78333a948c07c6c5c476fd0bdeb85aa3,
63a405b500c4ac9662ef641f6af92bea,
7f57ce882645db17d8f7fb8d6f787006,
b80c95757360f4e3b643caf57c6c074b,
a5ef31a644600f0c51169d1072a2fc77,
65d9aa33405e503ed5078d478190986e,
befa51468d40d5b8a6c4f794fc16474e,
4ca5c983161a1ddec7d45d5b33351e94,
ddf969e856bdfeed67a8a52567078149,
be68960e63af6eae6c5d634e6314a77c,
2f4262918beb173a518070bf0a5180ea,
65cf6716ab859e79fe7c32151083dd86,
a3da725b7583c5ab4a6bb9010bd0cb36,
3eb2328e5c212a1ff24e202bf7664d47,
3b576afa9703fad02cfbb3b2463fa822,
157ca8516cd8971b492ad3ac99c99c89,
a141efa7fd64e44612f2f5ecc20bbc27,
42f33bd2ea328f330c28b06d27dedf16,
408a04a8a1c67aa4f7092bc1c1dc341c,
da152f516be2042e7d258e8689555975,
a90fc2334f8258de6ac37bf51594ca19,
162aea31f354dd1fcbeefcd4923ba745,
b373ab90f06c56f92185cd6ea74ab408,
6e2428e938982bdb06e94fb42d7faa80,
feb555fed2db2ed27674c49fc4d4429e,
2200f58b13c7d45630576057c9813983,
d1a101f2eb1a45f280f270f891f877d3,
a2f60a0ea440949b2b30ba471bb58d8f,
d3ae40699951fa02f281fbf2ff7e6485,
e9e5dd104656e18878d6beb4abd1eb61,
28421e6bae734ab8aa528da2de9bf47a,
c92e55eea214c56390cbb0158af47e07,
692c8cc39098572d450677bab5ebdd5f,
7dba826fd689034afcf5b33da98a9c96,
78275ac7e8ba07548c787a1e3a63010a,
8493259ca1cb741117d60fa429347fc0,
6cbf6d6d32d03994efdbdc82243d5294,
f73fd4e6942994dfb0a9e8495130f84e,
0ee2bd42ce02e0fb702617f63173f5b1,
1a4fbed5330b86074f34cda6a2e7858e,
2a29496fb201d2dde83678d677d12076,
f95983e6e369c303adda0ce6e1556731,
746f73f19dfda74069c9812aff2bd0f3,
94183b5916de1e5357c2068248867920,
47228ac913497cf63fa4d7306c173773,
9b81294901de24a1f3dcf16b0a390187,
b34a2ec62901c7460192ca02e38c38cd,
c74fb902a0a7c9dee109bc880ad8f646,
6e1ff9160d89ff6cb61fa7ab41605956,
6d558a0daaca8d3179e756bff704c086,
e1bf4021a47a46142a22e81362a64e85,
de2d853a2dfcb0923ca309b5e0d75e5d,
ef97f37d4a0cb199e0e41477261b07a6,
b60f3ed8bb3f470030fdb9cd279bcce5,
23bdcf1c37eb62fc9ce856a82ac69e55,
f65760d329e656b274eac31cdadb2332,
9b2ca56052c42d0f8bc49d1f64dbec70,
70ca061c31e980f9d02e1b200b85c80f,
aa3b88eda259de393647bb10f1a301be,
82375d137bb6d0292f7af38ed12df51d,
99740e7bacbfc21586975ee0f4a7561b,
ea47b4112ae4e40c8fe9f233bb0c80f1,
a5666324a7b2f63c043e7eadb00e7ef1,
fd9cbc03495644b1242cca1f6e082f8a,
5219d5d6dd080e8b94b82e1858518293,
0ecd53702e234cbe43f2fb54bc776b3d,
505a205a8658d2c3770f0aee3abb5bd5,
8c9b9f564ea5d0d71503a5e3080bd8d4,
59c57ac3557b26f9160b5c961b7d1569,
b1aab3cb79ece57375b35f590b0bf910,
f317a27ce7c9c0f66b1977843f8ba790,
2c4c53c29c51f5ef7d86b89e2f38c84b,
90e339e55ac4cd968a05ba032584e44e,
8c5f97c8e179d3dce6bc14c152ae424c,
466b6654246c4665fde7addc975a7131,
f93f96deb16936636386f43946580ad7,
a30fe0fb25ac49acea9fa749f229d248,
303c302e17633a136448f2b6a822bc1a,
f3afc660ec86bd7a87d5a7c0038ca1dc,
87915ba2de9dbf0bd118eb10e3e9560c,
297655d74befc7d307b7898dafd8bcb2,
19e8e2d8ac4f7f43998d2fe718943077,
f646f85fe5de03455200846637330594,
7c5b9b993d11645d1576ff1f2c8e643f,
f72daabbf55e7911ab20cc9ed5279a96,
886cf8a46c84651f8b9943fb3255e9ae,
e98e7fb37d7c2c703a8c490f3ca40969,
37558663abfa194ca74f5af46f8bc3db,
5f181ea24f4e5ddbaf8558196791af40,
b97ddf0d963e87b4a6008cc7d352e321,
37af83a96d73407b44a8ddd10781fb47,
d24e1e5463e0c632150805ec4f9cf6af,
ca0d57094afd4293b082c32c278c5965,
a8e053ccacad2c437716842d5b0bff6e,
869aae23cd9a138c38689a3eb50ec863,
0877d414c880ab9869f894572ef8d18d,
e6a88ac72cb9a7fd667ceea9aaccef6e,
8bd7df6da60a6ad6ff121d8dd00f19e7,
badc2df0be27f6c0336a1199589a0d4e,
ccc8c5327736c72ae51e4f409353341a,
3392c381bbc197841c82b6b2734431d3,
00700310666e007443e58fb5361bda30,
2aa27fd32e5b1ac32f9623b6f7386274,
3b95631ed2d989675f8ed752127b9685,
f28a620a6675c429d169621fcee9511e,
c75d30329fa3a5732ff267902f5a4c3d,
41ed4ef6e1fc34aa481ffb932f727c96,
3749233b3e1e72e13abdae41361bc7e3,
b7e6c14174c65976313872ddd64f285b,
9900c9d16782e20c1097a94fafa77fee,
e81c6bb442e5d16037937fc2fe49fbd7,
0c70bcc07a8ad66aab1c02da089e5bd0,
290fa416c7c2da6cc91623652d8961d7,
ef7f5157992f20ff4ff20e5bc67dda80,
d8266f4961e6dc1282985b717fd49a6e,
6c598589007d7e1374bf992ad250e0a1,
8dde29cc9ec735298cd1517a6308df59,
64c16c7a0f76661f4bc171158d9ea636,
a5ea893a4a34f9a807259f706f5f30b9,
f4bfc3a7d7de527266e1f151dac95851,
a7d95853b049e341dd05127026a0278c,
086ccb440e8b74f5f2a7713e0a07bd36,
f8d19dc12494021a464bc87232bdb555,
df200ad7407a82f3f798b283595af3f4,
cff1469e6bfe4d1f37d92882f731d709,
c6b4029a930241a68d91cab6999ba5ca,
94764e5ec82141b2121b277c4fa044f4,
07be2bf533df6bfb6cbdc7a9dda6a1e7,
e17cab01f8bb0c1b8664c64d7452cec3,
5228677dd15339a81b74c94be26f801b,
293d0ad49a47142567abf0ba452243d0,
2c61b5b24eec4adee634718ed24e63c8,
e5a79fdc467b79173c70107a55ae31fc,
1dd16b12b9f1b174d0716994dd5216d0,
6f2e6a8e21c15f93b1b1a655d8c36ead,
5f1a1e88fa172cb856354fd743985744,
39c5112f3481ffecfd79abff971ad1b9,
e79abc2bc355236dca55289be83e5c34,
52ff4bdae3ffe1d160e7ad458e4334a3,
8288f43fab8cd6385e3eb8df32513f31,
6b43d2e31d788bb6bca08a938e5f173e,
0845d50182053845f944200763a24db0,
a6bba6217a60fb13ac8563468d6a70ce,
1784e6a1b440593a03168b5f4e291ba0,
65d94ecc183e6f094537df2cc250fe28,
d76524de4b55f37dd79fbdfc85d7cc19,
a853498f80451874a88d4b76140a47a8,
a73e2d35dc37ce88dd769985ab4d75ce,
dd71a7361700fe8e1683ae51894d4706,
dd886126b86381e46954703ba6144de7,
90612e0f9b4447ad67ba60a4c04aa8ce,
a4dca2f5b64ba3d4a639d9602ce3019d,
685e89943c41a4579ab2305f5a52232d,
5364111c1e179adbbc6429d36b1b050b,
2c9fcb7159f878496f2d2dd7aef6e8d5,
bd89b2aab8695dc4e5a6d4fec65b1118,
1f7b8ff58ffa97868dd5404d8aea5d21,
5d336a3848afc99a72e3d50fbc2c3e3a,
a285ba949b6a852bfe90c417caa32f3e,
b30fcb6824adcfddba14e2fb1a8d5199,
64fb9b3e420279272e5ccd0184970a7d,
2f0209e2a657fab18e657874cdbe40be,
6ea2f3e525631fc8e9815754ac8de639,
28009927d9bf8945bd9788b9f4509844,
b2f1f76aad909407150b0e526d368eaf,
7ee14ba18c6abbe7699d1f82ad0c8d3b,
284d21e6f9d93eb69e08d2d1eaddb7c2,
0a47e3bc42b9ff38523e9a61b680ce4a,
9bc9275d3ed2fa051ad2302671f91652,
8e222ea094cc92d802741aa8c386e934,
f240f1b0c44ade4f8c1f385535b3f6e0,
c7188d8e43a05b1f85b2f6ec722e194c,
e551b6c4db82e877e575086f68ad9904,
e94d681e54c59591d15df61e339ab1db,
10975d4565a9138d1fd2918a624f3e87,
cb6a236159d3e6a6edb099dfef90f5a2,
2df56bd2288a85989c27094623f0fcea,
cc2305bf5fc7658e44a0563c2d7d2a97,
917c0c9df1abfcce2c2d93379bf25c6c,
ae347e64e4e61a0b2eafc61d3d318151,
6d5af1d7ec9438cb7fb8623b8a02eef4,
bf108500d628c1a20e47645517cc8608,
a9fb766f2d0c7b9155a78eb2ae8e82f0,
3ac47be29c51af7d0a69d1ccc38449c7,
5063b3fdb02cde4229cf928f94b430e2,
b08fc3b015dd8466579a842cd117d341,
cf6e782dc114eb1e7bdc01c5b40ad78b,
d048cda839e9e19a4874141c76583259,
92a9e673cb6e999e8dfb86d254543e2a,
c0e4346caa957be2d3573a282135255a,
193e69536972790b57367cf19c422b90,
9eebb03fe0b8c588c03432d01dae9a32,
13c963e719ee8a1d7ec1a2221939adf1,
0be622dc51339cbce9e12770763c23bf,
fb90d22fd1a8d7d1679fef849cf36a98,
cdf9b57e3daef4ee76194a7ce9e5b0c6,
badb79c56c1d1fcfbc106485acbef1da,
c23aa5f7c641d6727e9349ea2387b1bb,
fc5f20b3898543ebab2c5731ba0b467a,
8521bc1c057a94fd043f8d46082c1b38,
72e2421357b0970a819b7e8be6140a06,
917f05d4dadb09b0888b00f4467ff47a,
344f8c92c8be7e44d801ee6faa695575,
00b2c4ea8a313583a6e1be0ab95fa6ef,
85eec997dad71dd277770ffd93114a19,
8f430123bb6f91ea2c6ad7b620d6de2f,
d89a3b932645edeb3f5f60948fe01517,
8b86075ea75b1ec41d5798e5a0c2793c,
1cd1c0c7f77b6477281cceb3ef8eb890,
b54d375ebc763b621a448bd04e24c3d3,
94d199bfdd2624ab2715a0eb2c565baf,
c0d0f479a998039f3b740b5d35581254,
5af5b8f453b8171cd55b0498904b58f7,
9f00322b76e8a1062af877ced0c48efc,
82f81a4a071cbf446a6890051dd0cf77,
d20d3eb6395c521b0ff2f9a2d30eb1a8,
f0989fb0a5b8b8340b1c08a789f6f3de,
bec30123ac3303d4885f2d1508363e2c,
91a11743ec255447a98aa3e86e1f7690,
03d1e8539f0bdfecccd572969cfc8dbf,
b337db505709c915c34968141849edb6,
2a37cc4b1a04f5540deeaf3b4beca502,
4712b2baded3c7ae362bc2c2025d0068,
ece6c3002982797419b761d9b639e1d1,
c9b34f803aeef30871c184a6d653bbb2,
cd0dcca3109caeeb3a78bf1acd8de387,
b143666eeaf97d80ae9a3ad24050c732,
9560569bc579ca55ec185c9180cafd6e,
c1eb3c75b8b72fdb50e5071d6b3c1575,
c65b19b5852e24cf6e0cfa802b2b9a49,
5427a29fa99cc17cd0cb346b72d277d1,
62418b5901994b8c15d87eb9f1c5e08a,
c2cae3ed0a7ebb5c397eafb507e9362c,
328d8d7fd8e0bad9bc26d4db993fdad3,
ae0aae399334e40cacd5c01f2b7bd56a,
d73349709b3f1ff8226a4360213b77a8,
b9bf56e2b700183fc63571159839e259,
dc5a1c440cd2ba46fbdc0388dce232d1,
bba029ebafcbf0ba3cbedb2f9ef6598b,
8317aa9c2dacbed39916cac429d5466f,
a114ab4dadd7ee82c6d79da9ed82f130,
1d91f6bd74b57b92a8cb19344b259051,
fddd1d8e6788f9139b55d725e8c89e00,
3a3845342cd1ad64181fffa6fdca8521,
606493e00a807966b75bfde9192fa3d2,
76038f37a635bbc3f60c0165ee135dfc,
65b720c1dfc9582d6bb0b329a25c4ce8,
4b2e4ccea3cfbd0902fc1af5f4129298,
4f8f67dd1b73b6b55ef3c42b1f02e304,
9a95598be21cfc8b70133d3657e2bc03,
f16991d5fe93062c242caf998ea999ce,
7a2e85e15ca586ada76ce0f7791996a5,
d107aa30dc9cf2dc4a8e585806f011fe,
5f5e0186767d6577bb11c9a6847ee7ff,
ef16e3f111f33614ab457e99c00f7f0d,
bbc22f589e7e45a8379cff59375b4ab4,
79e4c91be4e9a25d03b746410acfe0b6,
a3758f62f70665244e875bdcc4d76f5c,
60aa94a19e1d700639673fb56d154684,
e63c215835e791f7f3effb8a110b483b,
27c065da1217c55fda98d6675ca15526,
91411de2eb27c0b199eaaa7de3f9c5cb,
dacd37f72101b3982e74f97d3f3b4f58,
3abb67c9de3eb5b2e2e0f1b7f5daa41a,
a29117ef4fb326ea8601c35681f71863,
9b7fb74234604d78d940871627edf643,
f305d5a2f26f90a5e0ff8217812e6103,
6928ea4240e2f256379f5edabfebcc38,
decc309db32728c669740e0588d4f50c,
f2e512c2a8d1b83824b1179f92e7c660,
e9f7ce5ae522da311a47921ec6c93b35,
fc88da757c96d64f5f07f663538d5284,
5e485bba0f15cba331cb5749588c2f67,
4163b27dc93e373b11c6a5f61284d907,
79f80d8c4bb7dc429c89cd0c7b41c5c3,
f1321bc9b1a8b422ffae8bd1ad828a11,
5dc2c19b912417de0aed9a8b622ca577,
905f567bc5400f156a5530fd1b28c078,
1d82256bc5ad737db98c83791a948d56,
16dc50bf7580ea732d5c4e7fc9a8dc4f,
d67a5a7ff5a141e3d03770bfe124459b,
03f68cfe16cc1ab219be35bffa9765df,
16cfb8765507bce5f4776416e769f4b3,
25b14c04c16d58d8242362b80348473f,
4714f635d511b85346efd9bb94382629,
d637715c4fbdab558255173579a70029,
96bd7392d239a1220cae10776507e9e3,
e856dc4a3233f64406f1d362f57555a8,
66d9458de3321a06cb296f4418658f0c,
5effdac3e8bc82bc7ab34cb9a0c31507,
c3f10047ccc20c671ad2d6162094db48,
617f370819d1b7806e9454376d91c1da,
dfaa955ea47ca0ca49021c95ac67dfb1,
6ce173dfbc73a976961f12508e9706e2,
0445aeaf84845e1d357b486a783f604f,
8ad0c94ff2d321b9d9611fa1d47c803a,
bab2565da8214ad326cf31c4b23f5700,
ce60dd7ad68f90fcd3cd5246882ddef7,
72c722bc8f747f8c1cb085de50be503f,
1912594f5caa27327bcb0c4ffdb0af94,
2154866df37318d9f65075069aa7d473,
fb05d4f61cb3103a28eb990cb7ca3304,
f14e4da871c602e729da79d6ed8c315c,
1ea15d251e866c5d99c17f463e650e73,
eb959c3ca0c996b935f9ae074ca56849,
f12f5df7d4eb556dbe630efc06aff122,
f2d7fa885d16750a0040c392d84bdb16,
99f8c4425a945ea81c282179dc61d56a,
a8bd9fd8512340f0e352408eb4dd9673,
182ca2c218a0617d613e8d2b3ba734e0,
d089b6362fb9f114bf84dc87a56a0f53,
75e3c08ebd6fddae950e859ec1eab4df,
361d7728f5e7289ce14c09ab1645b1b7,
d2000e023f0baccd15e81962864d8b0c,
a9eaa0bffa0ce6f4ae91e4127b85bbb7,
ec2b4b01c7455a98f080977029ed40e1,
b7436ce7f037e889a69fb7bca9bcd359,
28cb6531c987df33ecfdd94827013eba,
174f29ce5bcec4dacb9b01fdd2dc9294,
580b31c1bdffa08cf3f0e4b2ea37aa20,
a8ca24a88b84480a34f1407f2e51c6a2,
09a22f176f571194a03fb19ba049c1b4,
5c68734599226f4d2998c4ac0f2f4553,
ec077a3f50e9011f65013f22dfbbb837,
e153eacd241d2d873594c8ac20916f1a,
5fd182b30218bdcbbfafcf49a5d39eec,
48611eaac85e63e113ce9cec5cd400f2,
312df6decb05471823f28260a0dad086,
07771ad654cf167efcef338cff5ca40c,
e496fbe7d60433460560c3ab5e8d47c3,
152a88a7f5efa933865fd11ad13aaefa,
d4e04dba557011e4ce286eb6b5aa87de,
c2218ee04a3b9391e6c51dec8d4ec7b2,
dbe33041439b016dfb074512a37d1881,
e50c4471c5e11b1326853207b5e199bb,
37ef8ce6105299d2b6a6e112aa2dceff,
deea9bdd4e342d5bf0af1ab267501727,
6c4bf7636197498fcf0ed0d8983e73fd,
10c47d48ca56cfb1fc777d2c2c3e3097,
8ca5449b120d0e83da0e2831c2b33ac5,
334edfe2419bc471d762686dba8a54b2,
9f2317fd23e9ca21a8aa4fe0bef74ba8,
f8148aadd7c740249e12db949f126878,
d829253da700c98947519e81aedad85b,
1dfcde260acccac3fd580f62ef9f97ad,
bf833eccd3a5149a830c4f0415edc44a,
b75879d24cea68cf11c289651b57ed6f,
4ce5e5dd0ed4321cc83a0b68a6f83256,
a57edf83687d4d6ae7d646f34705eeb4,
2aa5f5473fe8ebe5572973424ad78932,
edebe6305141d0e56c72ac5da303dff1,
9290000c378efd1699df861b00f1c63b,
ccf65a392f3c746b7f3aa1a3832dadf5,
362fef497c0ee3a42bc372143244a214,
97f716b5f4b192394accb9586b423267,
96f4ffb90341fc74a93bc02624bb0b89,
72188abca5233467f54ae7e142fda4f8,
2541cf12bf9b891a240453aee1bc82e8,
eb27aaf9637cf9d8fd40eb246d2b104a,
3d5997a7659239f63c9a72a8048fc736,
6ccd093f506457e608324e72d7a3da7c,
d082271a67b87765e6bdd054235ba0a3,
548bdee597a1dc29442aa3ca6ed1b128,
f29c92da025837bc7d8ae1e0691ed85c,
e15a9dedf8a7d085b049e29a338795e9,
8163dc531ae50cea34c766a0ea4e82f4,
688c368fa06c6656c9427d958709ddc0,
20f8955f1dfa254ffc7679d3306c598c,
4aa5a03c76f45aa2a1dc8b1c661b0a89,
b6976d616bd3b7a956cbac23023b2646,
000dd8f151c221da6bf4236cacf66d73,
c0b747845cdee47b0326d258f82103a6,
820bda29f8f7ab33de0396740639746f,
32ce394cf8e164baa7503b5a5fb47d6e,
5bdbc8207d1aba31d3d4b75223fa300c,
e459a286d80030f5f8cf27f17f871d96,
6c77599e45078a985a4d553726fa60ea,
6bee53970b88fecf54cd0ee006498de6,
06923f51ff7e352a8e8eda20a7e4e60e,
2efc98b58a4d5d4ed6c767c4ee2cd3c1,
f12893804cf23057c70ff29c8fc95bd1,
13776254cb594de4a32bdeca8959ee5a,
163be1be16a0cf37856df0c4af36f687,
8d39b4a3d407025625ae467456258227,
b6ea9089870e5d87f910c9769df0889d,
5a729f7f43dba51fdfc4fdb3e8d20d9e,
78100c4f3959f970849d618140567364,
e6f5591776443cd912bd070a90d1450a,
f21f09d40bda8ca41298384a4df8176a,
1a89f51988134f0e43f91101c6f0cce4,
07584453c962d7fd1d5ed4066597d898,
98d5db26f59b0660d1063cc7753dd6c4,
b88f5b7990b713a1c9c233a5e84a4569,
70554b420390bf5df704a9a236d7e47e,
caf4d1926e055824f202230543fc5f0a,
9ae836094caa5774bb8716e1f87ec362,
379c82fe4331a18aba934fc61643ea10,
b2cd3ef6c93dfe352b865a032de2de39,
99202c870c07d53411896cb57245c8ef,
8154d53577b466fe293057de32d15c45,
b51f92f1ac41dbba391c983b3a14c940,
9cb342c95c58104c253684198146472c,
7ef6bb718c8ce3a15e8e898ca7c846b9,
a292bcf56e3feacbb86c338305a4297d,
e9ead47083d9cd17641167c9db855c49,
72fddf5eafa66892cea5129e174e6e38,
6da2457b70b75ee3418b943314bde991,
3139d31f7b968910fa650725bfc1556f,
6bc9be64a672bf561e2c778aa658e943,
4095376d0d9aa85b54e2e6f060f30667,
d845c20f1b16b4d4744c09bb1a09206c,
7735d679fc8b48eba441444990a3d31f,
afa48223ddd03f1edf66c5f9ddffa261,
92d42c9b7eb947de0959c7562c16bc9f,
95afafc5430d3077e74cb6fd32153a07,
2841a97c35daa3dc97ff6d7bd3fe4630,
baa9073ff5b4307a76f5ad1176b02159,
5b23e22aace4825519e37a75bcd69f88,
0d58a1a403d3d94504d141d7fb278e46,
d3400bd2f4d8cd0b04a3b3105a30e1de,
626dbb1932b286dbebc0170a80996cc8,
39d7f126a33f381a329f0e0888cf8bf4,
0fcfb49bdc56d986add1312d7f252c32,
975cff440dc8f08f939fe2dfe686f809,
d85c0c79f5e4ffaa372f959beaa33d80,
4e2559b23ae7a6c322df422181d9a1c9,
f9f4ca6be7605e8779acb43a9451fb5b,
90688c1391a4d6df3bc2d2100e305ddc,
f1f39b1325a9a2eeaf2ef8a2aff28960,
e4eb4a844d1f0be24fbce3af76a81a8a,
57934622aa2b99304549a62fb57e48cf,
a5741d31211a7bcc4059a532c78330ff,
e2c6c04a8582d4e273c9f35969cf6344,
9b437f59bc1d0292c2aaa070b2216b29,
49705e1deda818f3df06f3e3b8537836,
672c0bafbde2bdbc0215f749b93b7938,
3c602b7aaed550d252357b1a3922b281,
98fc5681500bae80afd759067a8e36d6,
1abb3afff23d5619d06c55e16adda11b,
425fcf4d53e7f4c9576a7c12244363d0,
f15d814d1fc4facc7a0a508001943675,
e97a68b4bdb84de0929d1a288b32408f,
50ab5a4773e912193da44b3c01ba7776,
f037a5144a56baaa451539e41daac852,
aa35f7e4a22ae4a5e405892b5f194227,
ae323b320b6e6da272f3733ede5830d4,
9600a3429dfdbad89e47b076d0d68811,
3b3d216b3eb0e1371e6867baae6d1976,
fb6ef46e43d71919259eecdfeedd508e,
b5b12d4498900f66a267c553d5f69b2b,
355c8f4702275f13ac8e2795076f695b,
5a0d38332c8bc391bc9b88332972c498,
6ebac0227350ea9a5a39dc0a1a32c4b2,
a42e93e98a2b9139c13c14e739b3b784,
8e090e4e11b8a5979709f2f4684d25c9,
1f592e3a1256da789ca70fc372ec1fe3,
a10771a8eea98d690e1d4da9a6060453,
4d82c851c9bbe484f57124775ee6d6ab,
46ddcced7c414d98b91f6c1d3ca65eb6,
f8e9270a36a2bf95a3ae9f614c4977c5,
6984d873ea5c8c9d3445743cd859c631,
5f2b223010358ee5583d3426a5b468d2,
9164f6f94f3948e69c27b8891adbec16,
5f0ac9d85f3b92f568b94b668c10e724,
a783413fc4ed1809a08c8a1e6424cbb1,
8cb3c0f89d62f8b1240084ee291b8808,
254001052b3c8b33c0e5de1193603dce,
fd5a1f0a39ffdbc0d8e6b01cfd4328e3,
29fdf1bf76fc9c66c9eb0e0e88f0b1b7,
b5dc4ffd1a3434de13fd1906c6680e4a,
f4d84d2feaf5015c7b1a018923eb2cce,
f4ddb8a0668c208a49caa9af55991bbf,
0fb728276fa349f389cfd654fd9c1586,
4fef576c972b3a7ca5fd8302d6f078cf,
50d66c55ce244d75c4284ab964918d4e,
231dbf0e78f31016420755f5586a40b9,
6fd7cec6f7a809d86f5b14138a246866,
7c024cb31fb6a2e75986ef2512a90bf9,
764e6fe63508933383fb92faa7f53f7e,
edf4396faa95702dd0ec2623e5fd68b9,
3bf1d59cb03b0a91d7de12adb3cfc1ca,
0887deafe3d8b966be760ea9637bf8f6,
9646e596222aff4d352e2c14892ffad2,
431d93eecca4efdf13bb7500916142f8,
a72a27488c91349d7b1c81bda0978c27,
3cbb31e4092346c4bccdc4a6d8f0af47,
af503b2c2f68fa84074f23fa16c0d0a3,
20b2dc23f6ac4a7a3524eb8a83157de3,
9eac4979c64f589c10877401a3ab6eaf,
afd0b9b315525c3b1bee70e8e90bb15c,
9a5896cccd5c61f526cea33843920a84,
d6a07b377857735973c88fa8a614f2e6,
542188dbce7d31aef09958c2e5519777,
30a40ab241770455061058f0a9c18783,
c8c033cddbe06c6615c0b57b5d4e8032,
3f8216b6a320965b6c3abc672f2ac80c,
190a153e487fa07ed742baa844035d4d,
65a359e38e6e5cb167ac91d1cd336978,
f5186c32cd5034ee424a340a2f8048a5,
e3298991222a2bc4610d840cb638f6ae,
d61c766af8bb86b79e154cf39ecd7252,
77bf76b250c51dd3d7f23cf137217527,
427c9d9e8a39cfd2e8dbf567cd02f1bb,
48ac66eba3231b60ada2a6493b583795,
12a88cf914189b2ffa8ffbcde7afe1f1,
441fa2028ecd53112040c4a70f6c88db,
f74a060b44fcbce489bfa6b16d465740,
6720c33f11da751aaddad704af3e552f,
cbadd3a11ce7b49ca2e9ff2239a53643,
471608bb8f281a48c27289c0239477e6,
f832483cd0c3993d59fdb1194edd1fab,
a645494fe032362f011fd79be8b464b6,
f344b53b1356a71261a16ee7873831bd,
c3254cf362d854b306d88b3021fc42c3,
07ea90d403078991564f64ca71fca8f9,
077dd29c3fa413342dede07b5b207c2d,
dead0b165c387141591cfae2a6ff8c28,
0cc57aeea91faea54c3fe2076fbea17e,
40958094fb55df4f40d0f2012f384b1a,
d07f15cf6343f3575487a1632e7078e7,
8465c767c9067330f32bacff382abbcb,
dd82296f9c5b29e4f938e5cabb59f584,
64b353ff68b0cff5bb5515c3d95ded4b,
22f2e97baa8bbe034f3f8841c6d87351,
ba9113e71d1dd505416e8921aebbd38e,
caadb55f74ef936a1d00c1a709813183,
6250e18f4506ac7f3cd763e60df11d42,
d9168efb57dad0f9a4fec11616d4d512,
0f6968c1f93a22f18b0cfe0b980392ec,
e1319516a0f439e5b54f33ddea7f3351,
3207b6b8f5d810be64259fe854eb033f,
ba3e9a6ef6acb565f2fe5dabd13017a3,
67c5705fe6254d4a542a4cbef448e589,
cb7d69894d2c309702dfe1166319254d,
68b5e8ce8ed190c2f8aff7afc3c184e3,
8d692515108ea7f823fa6cf5771dfe30,
91777b074a1a4fae27f032a7fb801ee8,
31979f37ed83e1246fcb63cde8b851e6,
0423ee4370faae38d6278baab3d1fd2d,
ba240cdd3188e0ea410f7fe45767de41,
e200ffcbd85a8c270b6a3d8925097381,
6e9bc2e39314c843bd93545167dd36b6,
eb4b658974879f89ac5f2d1894fde15c,
8f7ad7d7e7e471984cadc4c234234d4f,
ef815f8f2e1a4f09de9343d04b4d9afd,
370ad2e5ab12200e4c9ccad8d0ff7cf8,
05af9789047aa49e3e8aba74a87d5c00,
84a0abfad153e2ad1dfdc694cbc0309c,
d2d21db4ce6de8761b7052456566eff0,
e939ab777318f3e497cb68fccd0e9b28,
16c11886d706c6b08808960be2d8615d,
cf168217bfd6c874d6981b53aeed2ee5,
fc2f255c24774602b83bb33e64e91a05,
f5f180c8ab5e45748311ced9cfb3e303,
63536a5dda7afab55d963c9894608939,
eab2a3f37d567b7e80a14399e0b40de6,
555cb967ec03df82762e1b2163e2a455,
186ee96c5ad4d33a5b5a7c51cd95a92f,
769134acb72ba721db95727c59586f68,
af4523249809daa9febd34e966c10730,
01434368c887aa65b6a1b050f53b6501,
178806efed84a71259a478df063b3967,
3b86c5c62862bc94a666b39be116de5b,
bab5bca08473002b0fbc3585b08a0e3f,
839898238ebca916a8840deeacb5fef7,
341fc2fd90928de569515ece665c3110,
b4cfe996a5f2a9dfc17db77649b47c7a,
2cd4dbd582ad3984fe3d628fabf361ff,
4f89895c99440578fe0a1da8cb3b0729,
680b2439c60a86b8a569ac764e03bdda,
ca29c4d2b6a0420154f62082eb6c2d0e,
67dc8919b62d109aee43ac6c88317766,
acb1fa84ac3563515475f155b7fe0068,
4fc71408ff0d535d5e2b04be2d62f79b,
5af9976e7d1eec86bcc073013205b539,
b79cd9d557543458db7c4d12aa5a5a3c,
8d05eff4372d1004078006388c28efbe,
786ca6d8499ab830fb43af84e1189425,
cf21262f5c4583a19cbd4654e74ace36,
2508f53c781307327a5a6c5d0c3fdafd,
0aaa2e27c24f901a41b552d0d20834bc,
ca461e790f379d44bf572876a57432a1,
113b8593a9ac2c479ab596e4f761e50f,
297d11beb157b0e91a1324b90d3424de,
7308879a2b9e15fb8d02013e6b1f86f9,
da4f8e4820e146fe9d9fff65e6ddf0f1,
c5ef078113a0c2119112e2ffda0e3134,
60c00216552ed527a705e1602751a9d8,
ef7549042e2518c219f1e8b3ea3de6a1,
b727ed811d0f2c12e6e6c75c61a412df,
fa438e3667e08df8f4670e152e7d903f,
87b95c74679154415bb465cde6172b3c,
1b2dbb8a2628e199658451bd4ab03257,
157af7b144c38abcf66ac03291a4a07b,
c99298942b65759aedcae352b790dd6b,
5c81edad25bcd06a316ddd9d4a8c6c19,
6da33f521217b0febd5de00641713277,
94fa0ecf3248b84072e01ed3463ed57d,
ba3b1dfd184189932f5eb178462d872e,
6844920bb75ee2f25ead1a95805b6a4d,
12caf69b1c00ec3ae1a08fc119d53597,
77c320e4375ed0b3c2ee81cf09df05a5,
17d5b36a28fc07ead0e1dfdbf403e93e,
5c2bbd7b42091527703ad8af37872ef9,
156a7a4a825e9397985439bf28a65175,
14b930dc0abdb01e5cfb90a70cb5ba1c,
8d03ac3a1f58bf5a2553a533a38d20a1,
797f59e9891e3e2f05daa472c7ba0fcf,
95ed80d2fe2374864f12a117748cdd6b,
81c9b8b97830a5cf48c14324744cb2c5,
3288b153bc179118d59495a33b7979c1,
bffef13fdabbbb4f51dbaa5d95b7baf1,
09dac79280df877c4413952a95688f3a,
92d11660d9919f197c5df0e21241effb,
92d1a424e4f17e31cdcce729f56f96da,
84f52c9fca3b87a920822bc9937332a4,
9b2585791c891ad4b01a0bf06e00c7dc,
791126ae52c719145d3d7540b1faf17c,
299999fe154523951d24bcb43789eaca,
86e2660dececae1d30a8d9f7dbb23697,
fe7caf726c0fb3bc6707b739194e9736,
3d6b68b626ca1b8f58a0ec8148f5c1c0,
84ef3ab8f4ddd8395f164cc322f367a4,
6a068d6806f2ae35403707b366dd1a17,
37354bb5f9fd6bd2c5c68b5950267998,
398d2807e844771c6ec56f5180f46e77,
864ba4604184a3a35ca5386bef800a06,
ff3ced3307cea5063353d42d1b5f4c79,
1e976944ac97a3fab9236170caed5e87,
abe1e3bee20d3538165604b21e2e8095,
375ebf5cf8b0dbb4a4794c7f946d2774,
3a3555b01134463fc5b41ef41ca90445,
d80ab5209ed86b334ad75b29168595d9,
1c08895d2060027c8f87491f17b908d2,
82e175ee77789253ff0501cbed6398e4,
e24622729d5370d4096298cd27cd60f4,
2463ada254c5867ea1837e4488ecb0d6,
9996d4fd4b0c54fa20743397d5e5d5a0,
88667afd2ce39cc5e2189c1a5d98a0c5,
85438c1b5dc51e4954a979775605ab56,
ec1e50679779c62d40011b9a432a9a1c,
8b82bc71e733194b3878d405b3717fdc,
3d3f25cbea1e85afb2f1c4192be18305,
e6abfc66df4851ff40cb3ef0b5561acb,
9830bcd0fe1f3bdb6c3a26919efe153b,
0b3d913ef539786167acff7eeebb2252,
410f516bf7ee9b67e0989defed37fcf2,
5bbb9cc040b6babc0f382de86eea9420,
2e14475a8a02056813d09821a6b7df36,
5aac152ca1b0fdae9ea723bc632f27bd,
f7a93563f6c33cef9f6e10ef4acb6d80,
dc96ad3866a95ee872f91520485e2f77,
40085391d039e50c55b04a60ef41a3a3,
84b984b81877302021172dd56933b50a,
f623e2463f2f438bf58c0ec9a9433dec,
475760f1625bcd241504afb3d8e48154,
1cb8f526d949af714695cae927ec5b6d,
4b0735797d5d2a4a3bbebde8dd0bc749,
b5251903887506d14654c46d7d665fb7,
27472fd00ada9aabdc1de2a543994273,
ada1ef69e5e46c33df587453c0d2e86d,
90c292ad679306705b236c98d6752108,
8afc98eaeb26d809f40940834757dd98,
8cf3be620c31f9045d60c83c9ff2681e,
8f2224a6311de011f0af1ca368586612,
bd6383b7f4dff56c63ae5b55b3b01676,
0f8145cbe52516e9747bcaa5d318e979,
ff97791331ad99de1ee6d7ca0eca4460,
dff48978c76c3a472dab2cd85a2d58d9,
8f51b0cc3da0853108658885c2842707,
afa986608d15f1eed731eabac1a2c209,
1e3d2ad39d80b1516e443699479791ac,
4b1bc5d41fa1619c74a1037a1ea8b8fa,
d6e86e54e973c1a1c7ab9959273d8e6e,
2876b198da74ab5fad974a34d3726338,
702494c819e08c33d3ac22fce7c07207,
a62fd39729483ecc557686fcd783c5be,
a467c5513207b24f335441a4a5152028,
0fcdd9b42cf6acb96a6eac605e4b916c,
a4e86db9e953b52bb86e6dbab183e59a,
9210e3a3c47df72482c2b3cc545c87fe,
ac63459c5012885ff42482bbdffbe368,
ff6e500a74fd01c6fc2f6791f2dd4539,
dc47c1c73faf02d63edddda5113a180d,
0951c59543e6d395f4a5db31f59cf4af,
1b7bacd9871e71801f1f2fecffd32ff4,
9ba20b70904b067a470e95f4b3cf0088,
9ffa558b7255921d7c136dc137010847,
bbc7a16d8215ea1b3c59d16f4f2921f5,
06da6c71861309e84c5d6754af1d8328,
08a4af6bb9dc92c075616c9213aeb925,
38e0a3471f793353d954849df553e377,
9511fbb81e77f89f3c0d96f23134831f,
4e0b61d05faf4f65c170463b5c78d368,
9ae39fc6216f78584a15e77eeee0f2d1,
00390a98255151cb851161b87a302413,
270a8a043ee98370835c00e68c47ab57,
94305a9269e7a3be58bb9425c4523c4a,
dfc06febf502ac9298fdc9d91da0bd9c,
1339412ac5784eb25905e79badb26c68,
4ef9e2eb37be2fe4376b1367bc675335,
21c6d8e1383007d7120849ac1b0b8fb7,
af19f3e46926c3efd494934eb0d21695,
189c1a4a7ecd106103e1659866fa6882,
0cb005e52d26731887942410d0a02604,
81400c307d83cd11a7c1871b5463a854,
bba58b50e450045b29230f852cf2128e,
e011b2d70debfd7a5472571f389cae9c,
a599c20f8102bdf22845b3b7a247c0c8,
6c066b849c6ba69af050936159be65a6,
41f8c3fe10f10c7b98fcde10e3b86f81,
dbd5796734ab1bd8227596274a7fc19f,
b693b90afb652c59f99a4168b43a5b4d,
63f73f5f97f29b431ce9cc267c001bdb,
1f8bd2297b9660fed6d2b15ea594d1b0,
78a0e50e2ee75cab10662d893ef6c2c0,
4063adb560aae87b89ec39febc35e4bd,
cfd1eb456bce8fd9a9f0878d15e2604c,
229574de56f795a271eae906fd80278f,
b5cd838a272e527db70189ee2a384c7d,
cca8027977bdaae25c8b26831807b575,
c9ade4100981241cb2d15a96ae8ee30e,
bca2eabc6cdd6629e97198558bd806c1,
ccbe88d2cb6a73942c73ef5c7ae231ca,
cdd7c5cbafd828dc8c8e27d603207c3f,
8c314be41f37efb822c203c4937dd53a,
427bf2594780fc2acdf0fa6e49bdd65d,
08db0969bf8841662911d7b362de170b,
8f1fe6837b7c9a129351a428686e9a2a,
d135d4af13d0157db0aadc1731d047cd,
9a70e6f90d44b84f622ae4f24b70c1e7,
4e3e628dce276440f5b7a54f1feca338,
10d3823bcc57670b4f8dd7892a1d7646,
bc9dc28cd7d003f2beb5aacea93462b8,
854c09fff2d6394b41907f41d1de098e,
cdc9a5596edc20bdc08c1b5ea05f7d1b,
fe43639e727526165311e13dddd1083e,
4564e0a736c13d4007dd30c0ca4807cf,
fddd758d6ccdcc568e5b0d2e7227955e,
82aab3fa29f1b0887aaed589d6d4ad4b,
e7cfe98b278c0a60d7e62493d854fc1b,
b9a6df73cc600b4d39716a352079416a,
cacaed0f83822c4e5b7a079fa44bd637,
6ef85c01fe8fda4e779ea7a3c820ff45,
30203556633cad9ba2e2c89ad922d157,
e6b38c512b75d6e15a433f1138eb50ab,
1700056ea2870d036b8fce03af19f83f,
468ff69686d020b90e7f3bd4b81d2af8,
847c3e8cabff5ef709a5016e56eb9fc2,
e8194e3327c649916a3702dd0412c023,
22b5da8f9e628744adbeb26ab5f866e3,
51a670cd92b0f3952fcbf58b0015fc7f,
9fed79d65db7ad73f8c5e71efdb36c10,
78ea671f4385391cb691e22a618860dd,
8b2bb6c24141d9f2c375dbd47c5cbc1c,
45e99db7697bbf872e7f9ed1dd3c9e0f,
c385587c4712e18ed3e341ea088f0e12,
db7376e6dc922a3d5f509d3225e1c79a,
9aad4a6b54502ef8d0443fdc32396bd1,
ea16e8886306cba31b71bd98f750e047,
9ebccaa9427da2e44dc8c606e093a822,
d0a38e3460862ded7f6665c18ab5daeb,
084d0dec6a2d95f0488a42bffb0d611e,
640807933f646d9c78cf642c45264471,
98dc65d8d62d0de69ddef753c23b34f0,
ad5630e60ec3df96c74e2ea7e3f10391,
f1ca348a8d81b1ae81a64b95951e7444,
2004011609f499c69cb4e362774e345d,
849aaeab36ff021378112553004f34f9,
a58d227107b544e3385342abbfb5c054,
c76ea448f49949be52620bb157c7bfbe,
93c5e02310bb2c3382356a13e93f191b,
e282b6d4c174bd8100601550d35f1781,
e1e5f90f6508326283a9583a0699675e,
949c4239a8c40bd6115b45eabecd16fe,
fa354cf3cbac9df9fe4592859fb66083,
e568418618a597a136ae7dd890f3a458,
80546595b09513b1056faa70190a9f4b,
04d43b20cec37483660db9465fbf199a,
c1c2c3e06fbf3c0a3b02a803d3446f59,
7273dee97fe7c60f378267f16198a2ca,
b27bbdb2fed5a78535682ecce1c47bc1,
9a92cfda6a33c6c1ca4c1b7027979302,
1e44290b3608fc08c787303fdc4c35e2,
9772af6407f5b41f7376f07f8568cf38,
5ccc9c00e6d805012c53c8947885574d,
91fdcfb075e863586155126fa16f6289,
7efbaa952565945f28c1b4b165b1de06,
3ebc855921250506226fd8f6583f60dd,
3fc4c2c7bd332c9d2a86f63443c52f62,
ab0752d660ea02c0fc533749e3657363,
377fa32724b23a50168b2dec20dcb5a4,
d3d11c936fa1b085b8a24953d78ce395,
9973eed4e2062a6ecba771bb51709a0a,
f39c3bf2405da9487ba287805a5746b1,
bded0679051624c45842e282cf7defbb,
06d675f9e74f3cb1e981df6b20393ef3,
ec1dd05b2073e9c798a2e2224dd4a76a,
16c3fb7b766fb7d10c89a6a23d4adaf3,
a9024340fd477cc06e54e321dcda17dc,
5ec84d770abb1306067628ce9a37d97b,
0be6ff3e154e84bffce41205b61fc0b4,
d902ed8946a41890e15dcdaf006e9a63,
883e29f54381d4a7ccccfad06373bbb9,
b0b69b0e1835479edb597305c9c91aae,
43a3471509dcacdf6c170cf6e39ec3b3,
8ca5955a09c5ea09ff7ac1348fd0a69c,
eef1d4805f5bceec6c6de7ab8d7d785a,
b4934efbb021bb19dab3efcd39777dbc,
31369f92488a17be62ab88d39bc9bc0a,
05e4cc15e1fdb287cfe72733c3e20ff3,
d95b5cbc8ad9b95d411d7e576e2e7f7c,
f6467f72a2de1234db876d7e63ab4654,
8102f1fd193f2dbb52ce4746b6801be2,
8cf4d2e745c2605d31373a02e569c5ba,
484cd1c0fef55c1eefe94367d833caa0,
e5949a431d5595810fcede94a9637110,
35fe6007efa7ef4b09a61b5906dfb3c0,
bbcb7bedbaa931c6807fdfebc87b0d9a,
773a2882d7b08518f93275e0fc6a2fd2,
ac4fef418eb16c53286a93c8f10d7f9a,
eaa9f0a3a30ac76780a54e70356ce9fa,
b1a29167e7d2065e38fc4d6bf4dc5383,
407f653fd30fc550e1687f3438e03825,
050738d6733df412516d97c42bec66df,
b4927e0956be1a38505a7ee42602da2a,
8e7176a1fb67370d673c2ae84bb8f97d,
7b71f811637b009513c514945882b486,
0fbbf2e2638d4dcd448aae025fe7ca62,
d23de01ac4399749953cfa61dca1004c,
300cc96469dc52a48a3bb997ad144b4e,
48db878f8178e6858ee99cf7342c02df,
d77eeaef89241c242e46ac9fcdc9de52,
ed002bfac2fe610503b15f7844fe013f,
eaee19e6ee87400692014b84fff96d75,
94e48f5a73121633586df8360b13ccbf,
f0d33b2263a3e7a1d0bf91f4f57d38e3,
363cd5c41008245688f5ab6cafa0c9fb,
3bae3c63fe1e74133977fc129e0e7294,
57c55a3ad147b339ebb8483f6ce68396,
f134576cc95c8961594ccbc9c89b6659,
213ed2efb18a242e119f904ab4dfecd8,
8e50021c973abbd636f82c90b971dcda,
e1352ced7be322d9d26acfc9c35ca4a6,
075a9a478ea9076eea84b57be9d103d5,
e9daffd50aee4e89758d64b1cccff643,
6099b85a1606c0bc22a9acb2f3319fc3,
66221efb351549952d5c9d571b322771,
6a724701310b458847304b7b7d92fd46,
f4ea699147b638f0da24fc913548cf45,
27f45ec33aee673a1abe3fb6718e616a,
ba1609d20d59e74ddffcf356d33931d4,
f9aa9b8dcb3acefd32e8ad4eb550eb0c,
e8da223d1ff8c2af66dee58696b009da,
18935bac42858158be2e7b2fdf0dd151,
48376205387d97f0dcbb777ded7bfe27,
f554b91515cda1e6a81596db17a9c85b,
357fbba11253469619f5b5459d60a6fc,
2c493235c3d16c0c4509da79d7c026a5,
312c883cadea1ff437b6163c893cdfef,
406327dfcfc7b947f5e0124a3e6d2c54,
46955cad06f5e34e27136446fef062f7,
df0d0a03c6907d9d8d49826376ca7da2,
92f023362da4c906c1b96af96e909c6e,
144f346ac3c732e4ff6fb1bb4ccade8d,
456d328940d019b3ded3d85713f15b9c,
e640d00e25f671e49957df928ddd0901,
7151c7ff8f844a62f0d192ef2e67403a,
e4ac4fa9b99b7ccfa648ca3868572efa,
15e538bab263bef2f084317a31a50a50,
3578d450a8accc344a7cfd5f4c3b239e,
44297c671a2295a8bb4a10beda4c0a08,
1333d53046f528e47bbec9f6af4f8b09,
b5e6e2957fee5d3c02e91e8b8f28f618,
e82a788450a99e1d1d8ca74d52aba5eb,
282c52aa031693616140c9c67c499f13,
e00de244f01fd88c69458142fa11ee7d,
2f899804c69975360ea4116af4fd1932,
934eecbeaafee97ddc4d24b951435f66,
883200f1e236a014c5fceeb0a85a1fe1,
a88c67da3df1cf446d0ec33040bd2221,
2a4d4fd4fd446ebe60ae263339e807ed,
6a384de3d847733303276bdf8b538065,
97ba3afac9892ff264c97d86daffec01,
2675c8be9b182645aa2bb2591988bf9e,
c270bcb23e19edb6caab01700f248886,
6284f069b93d9d2ff957b94550a0e6da,
a20ea95820dc147f0e2ba34fa1bf708f,
b81242f33e8644d5d72ba0fc874a9325,
a842881f62a44a3739d3cfc14bb7b8c8,
ae726eac0790574f7c9f56ac002d991b,
4e4347c2f8ca81fef47de4a5ade3a325,
007925a67659870be7b2f2c461df8368,
81a8bc45f11e9c26f1168c43740ae9e5,
16c58a2d314bd7f7a42ab4d76206a89c,
e99d9333124dfc63037c6782127815b2,
7ced67187f5638522f5739de16b47063,
5e1b75ae3775f85a4ae0ef75209f8dcb,
851f4bafc40cec102f47678e236c13ec,
7be1d736392d36b119a894c3277c0c0e,
060849957f2ac052fe1f8938d0a91e4c,
fdb7d3c04bfa74d0ce46060dbb406778,
81c0947262a976767c36d4ef35bca90f,
070fa4411346a9d9fe01557d366c6ab3,
bef34dcb0501c4b5f78fc499296dfb7a,
3d5fe4ef4775898cbe41e35a6d0e258f,
02eb8426ab11dc05499e73e795b27012,
a7dece8e302554ed7f2320506aa5c4cf,
c29b312a4f2d88b5e3a64e72e6d63858,
488110c3ae1950e4dfe02209cc2d6a6a,
2496b44f1b531636b51814cd560175f4,
d6358db795143908b4ed23f98c3f33cb,
5d03ee2e759f767acbaeedc37ca176f6,
c294aefae59be6f42230b25417809235,
37f9ff9879cd229139aa9baf245237b0,
c5aac008519e8631cf0709bd3eac5fe2,
e59ecaac084db171e1dd13f901651150,
f5c4807327fd2786b4debb81bb426e74,
ab2ad91fe78c854088cec4f523766eb3,
2810243e4fc285ff3176499ba7c98fc8,
4541b50f6ed0ac415d58c561b638c821,
4e0ef42f8cc5745c2ce8ff5c03904eb3,
85663922d352c472cd0fcfb632273dc8,
50cfc365383699657a494378d1de4a36,
9afdbef27f72f67dea49d8b635ca6ac2,
fdbeeabb42cdb42297008b2fad97f7f0,
0c6810adabc2a111317e0bfa5c13d4ec,
26aad577cd311227b12c7feb5b5481d3,
dd6f273dcf6e59251fa3b5687aefbb58,
ab3f65c4628c9c90e9d95c7f4c7894e1,
db0e003bd885827425c2fef83dc70d14,
ca65670ab4b274b829a0e66f735a8b48,
5e06f9104973af535bab5049cf6dacee,
75a404ae0a9619081e288a7997440127,
c3a4319b14935a4c090c9e6e44b1d1e8,
d25aed8c0c794c85702a96c11dc3757a,
9c7f43d39abac275b472ad7ff7b0fd07,
08fd3aa61d0532655686a728b08bc5a1,
0843deaa700dc6dca83312a4406e79bf,
21a24a20d2a5adf2a57baabfa3ca5ab5,
887b3351630afaf97bdd9da7c97e1846,
9b0b266cee3a2752ea51432490948fea,
4f4b16edf325ea29a1fc40cb0f6bea40,
79eb7f2ee5026615ef8b9e2b82b028bc,
225d17199873cbd3e882337852b86554,
a74cc6e1daf80ef8c5849d4fb0d1c60d,
c628451dcb5e7d2df4fab30a58171739,
c0265944b2c455adba0cae4f937433bc,
32a90028c6dee4312f83834fa2adbc00,
45a59e166a9d896694b1f355447c2df6,
a2e49fd208f13af6ffa522f6a0757685,
7d747f09e83d87edc52ab364638bbd39,
8a7a0440d644d3cff4511b8fb11bbef6,
71d65ecef62e114bafe6563551b670fb,
b14632649e4b2919dd62e624da00860a,
342a50e723322e229efbba9eef329f5d,
d1e179ef417f27017e6b05d48d48b50a,
09f2bff87ab5c52927b32c6c88dc534f,
9cd6b8b3871e67b484b759a2602a374d,
b51aca10165f2cfb4d899cc8d254e89f,
aa6ff102ea87b2f303ed5356cf4c1440,
fbf5f8399e2723c19ed3071142b53b4d,
cf4ed43ee8580f6128e815cddcc15d11,
e4ee4cb17f678f0626125b83a84c859a,
98d1c68f3db851028a25a9a497d2a7e2,
1693385552158591ca4e5ca90216ddb4,
6df8f01cf71c91fabdc6e7a496fabdb9,
df284d1829f316cd52b23dbc57826101,
008190b4cf2391510796fda7a27d7687,
c69a57d36fd50307afdfad1cba12e4bc,
3aa0e824fc6910f63501bba14a5cdd74,
d906fdbd0d9b37136d9fffab2de7e386,
dd0409894e2faa672913292bb3c2e626,
923a2ba876235bf3a0ae91a3f429d15f,
958758b2c99e685affcbd3e955c1bac4,
3ad6d120b2be3a2cab16098ba0357aee,
b621c30c0b7b6272ac05a8afba3e2bd9,
474ae0bc1449ca22651707505d3a601f,
f3ecc7be8f291f0e23ce9cfcb7cc42c3,
536cc908649757f3fe2a9beebf40971c,
a187c8f569d8117fba1f324c850e6cea,
b1a6759efae4dbc237d1eee93465203b,
92ed671feb49a6974012b96d794026d2,
66a8e19eb1066e01c10bc25826fd6f82,
2d2d207643fcf74a6ec341fa5237f01f,
8b6bf5ca158c4f2ad6198237fa12b83a,
7bbb3af1b9e6768b96a3ed8515e90898,
467d304c66a850d1f921c0c83b9a423b,
6b01aa5f38552194d0c7d8042b8130ab,
1d7d40e014abb8f05e78b4bb864ce0dd,
32349d71739305e19cff11bf6fddf748,
f3f922e54e0bb3c5196a289b69687deb,
c11b5739ea25e3c185ab87d68ccd132a,
a3acb17def49b5ee6267d0a88b7fba3c,
5c4a6ec660c30549a9b3604e53eb934f,
cba6148e6d0d4fc8deafe9a107ab4765,
c436be3a922906306cb86d8ee0f8ffbb,
160ea71a1cbffd470e648f469d61332d,
2029e6af9d6852a2cdf53dd33dd25f6b,
a4e7fcb8570ae9d3c06faafa139bad2e,
c34ad37f4ea5d8ef8dc68f658a1e6b2e,
6a1e439c5975c919de9e67e8bf62e4d0,
82f057323d2b81dfe3a24049ec287d9c,
a7c29900feebca5bb36e5db590f01fa0,
0dbea0c4bbad2b82699ff631fec5416b,
014aa1ddec3678fb1adf2449121b11af,
0ddc06bfb71bd8aeb89989c3d9d98af8,
43f533f1721c89471758953a2e78c6a0,
1e7abac13212ae0ff9a86cbc487172fe,
c440564d548eb94e0210163d2eb76fde,
794294b6f6a5301643440c00c3ca331e,
27caa3918d7ed24cd106b8f2fb634231,
d0d90db4f0400f015c3961d2ca9abbc5,
1afce4cd27e6d687288db40e8a7d5c86,
ee9fae3c6f45813e6ba58110b48d057d,
531efae7131cd9d2a09efa481b84ac36,
d1bfeadeace4db366955a463e55ace3c,
e86e1c9e9aa006880bde8d511150b1f3,
e1127d8fc941016961334555fda60dc3,
67bb3a93147d583c986765d3b41654bc,
e224b14fbbdbef4480c8b89f4d3d3865,
2382180bb9355702acb02768a5ded247,
162985f1096da776789cb5633171ce8c,
8ece66c13679d42f8a10c0cffe329eab,
ef2edfdf047c198226dffdaa389b1903,
5252f99f8101a691b8b90126466d1bc4,
93be5a7243cd8156f5397316a2b47113,
40349f259bc30d55405dc21573aec817,
e8a12c542f141ae708608f2a549f58ea,
36e0c225e6e30072e9c7d9cd08acaea1,
2657c8eb43e6c057cd32cbc027b9b70e,
6e97751c7d599b05caca09010138fc05,
6f8707c17d6f438bc60003c6cd1cd62b,
023dfdff0f01cd3bef967f306fd20f26,
e7d3bcffb08396332251c4ff6d787e0a,
51f0e695098df7de8943330818dc44bc,
39da877405bb9e2fc141fbae45b5dfe6,
8b97df7431781b6b49f6011e44d720ab,
57814b9368aedc3221771efaceafe4d1,
cab5c4a7650bc8a4e7623600f2eff946,
5e9647f5394abceff7d4dfb37774d81f,
a7ce8421700cf0a16c23c6895f4bc9c5,
efadc25fe27f856f2b65e54f2fb81405,
0d3036281db6436a0e241890c97f5e40,
b70d4b5d7bbeed26da48d6bf2e757c36,
9725309b612a960b7ec086c87c73c929,
dfa5dffcee2ec0e7daaa7ef50a33e043,
f6630728b577d48ce9bf3b8f77947be0,
d3509e3ebfa44056e010c96d5df0c678,
5fd2bcc51a8c4e63a65cdd854f220a4b,
2839361ff72a6344cbbcdfb4076ccbbb,
a49c8362ef0f1babad73e6f3c31dd9e6,
beb68559eba4f73c67587b48397a0330,
2a8185bc036321f0fd3055d069d2525a,
dcefd3359bcf7b278e7016ca9c00a58b,
f945209612dea6c5824d046690170159,
6d63c314fcb99772904c3a842223a509,
94ffdf63e4615fbaefae51b614988cd8,
b93e440a212b51f8ba9bf9b3adefb308,
d27216113aedf427a3bde332cfc5b9bc,
351823cbaaa62da28207c202add2c487,
8dd9bd15711090d9cd75ff951db3e028,
967fc45b8252a0a474549a9f86a122bc,
317db86f71f47d203845ceff0f5cac4f,
dcc8088274e41eb73e91be193b2b3705,
aaa6d32dc7c64100f5b612438de50fdf,
77f9bb87262440c037f51f8736349cdd,
ce0583f529576e631721060dbf36cd78,
133d9f893116e185847bf019d014510f,
6e0db805010e5cc949723bf95ca68e1c,
cc6089a3127992ba814d2c46d20962e0,
4f8dd703f8850b64180416482ba52ed3,
1d78b6ed82e56b0cef7e9974ff809cae,
b1e84ca08dfdf1cc712cf526d514e3e0,
3af119e4beb85499c14ef1c9c1b9e947,
a8f259f28ac7cda5715b1e86dac85461,
40ac7391b028f3067f3cc2fb848cf198,
18a0d9cd4853a0ca3307a4efa7867557,
2e03154a21a20df9e2f8da3ed4d21f5a,
c1648b97aee80732ef617f498a27ff41,
9d220133a3a4795cea008faa01d88d1a,
78c42d9f507a48e266fa9acb145fa876,
d5514dff35597b1a5479ba237b808ec1,
5bb1b53aad671cf5e72914858708a92e,
86090c8e4ab895033515fab71dab3a3d,
f227c75e76d9833eeeb5a6a1ede43630,
2c763580eb4b20bb0cdcb4d171a140e8,
21abeee7f4db3b52d214fb04964e84dc,
ade6c4a2efc97baa839d447e11caa922,
e1cc8b24ad3ce37a691d13a4f3abce2d,
36636c1a1348a15da40c1a7be9435ffe,
28648a48d0c7445ecf96ecc879c42002,
8d8ec57589e1922cf4d88e5239bbcb70,
842d6512ba93b418fb27146dca463c4c,
07c21ba73d357cb722270ec2fff0b79a,
e3aa45aa2e1a71e616a120a2cf0dd9c4,
01ce75ec4a4893a074c1cd17cf36dd0f,
d3e2e712994f16d3bd2e06443f1e87cc,
da2ca2c89625cae8ddeb271ea1473250,
3340960bdcebe780c5f72c47d225e48b,
6a0f2a0ba9c5fdc9463042bf983ee6b0,
4e6ade80059eaf809d438ebc0f8df692,
7ab2a40995f5bc778ac40a84a94574c6,
db67b101601dd4929f3f953928ebe876,
b47ebf42c67eb25222f9c3cb73544930,
931dcacdfe02b0b9beb07e4567fac9bf,
de66dc980ccbb0be7e7b77da593d279f,
4839f1f2d268a305ca278db15fb22daa,
e2a84b16d26bd129a298195e9419ee1e,
e4c23e6240342b3f02676da8f4d8b03d,
b4019ff19b056bde25e411acb49f26e1,
186dfcb91877b2aec892670bdaabd7cf,
a58133d2d2d3bec8b078c82376e73333,
c1dd902b2a7919fcf51ad9b65a139324,
373e8c90cc9c6ff5fc08ddfc10e1dda1,
543e8fd068cc314e7bb957669d406842,
9bee84f99e6a2675767157999af6f5d9,
c81edd8c56845a30ce79bbae40a17a61,
731344496bf53737252f9200905621b3,
32fb246123a0f3cada1c971ff5dde2fc,
3ed3e6c38ad4c75032f8a73f26d27ba9,
c4aa78c0f6bd36193c4071761003f4e9,
35e73d17c1f56bf56f29a54963c9f42b,
a41a5b04da68b50898783c6dd067abf0,
7bf6183fd2f873c56b933a85ef89d71d,
72ec1a4075bae2c2a85bf53edb530d0e,
76d7943a5d5dce202fe7e6e3cf8951e5,
f78b2f63681246761d62db7cf0407b24,
4eeb4a86f7f6e72d7fabee38fa28059e,
b05728dff5957d43afe839cb4324d003,
4c563f82af785df765b0011e20c2d6f3,
5196902e42428a077d845d4ed9ddfcc0,
9e08c9f230b2e282ee9317bb098373cf,
5cb9b66489fb7a707472cdcc0f12c933,
ef8783b342974c80a29f590ac5270b84,
7514879adc23f2fd21f087079f136611,
b374d7b86b10a7feb4722725b314426f,
f314cfb6e7b8e02fc8b376279c8ce6ac,
17c55566c85fc7f791d33a51523f3940,
d8a577af3eaf37b1e73c102d30fa5a72,
531356f10fae2fca47e91740979ae1f2,
b5b32c3959442f9b3bbeace8347acaa3,
367897898b65f7e4514b93c6e1282f52,
f4d81ec8867c3775d56b24b023c37460,
53f43fbef2e2f24a80446d22e864e5b8,
92a71ae2a8db6c2011754ab272595e6f,
0c9f9c0386dcc5ad25eead6c59d7205e,
219923373f168c700294406d4fad10cc,
14d6ebafc7c4cbf8e46a0c64f11a5e6f,
40a8428aaa39e6ce6664573fd83feb1a,
05caff584d43dbeb75be14d2be103b25,
54f34289238ee8f258072fb6dde8a18d,
69ab24b7933d0d77703f4ca3a1f2482d,
bd9e7f2407aa4afb5189cf6498c83e1e,
f5f0a84f6d59b25b15d920dda499958e,
dd216b7a7d0ed832db75d2901dc3ca4f,
bee0c3ddc53eaf73886134009d6dc876,
a6c987ee8b9afde519714dfe01c2333f,
f90319266419accf29aa7c28b18b1e6d,
768f986425de8ca2f81204fb68a3ff00,
5d711093b694d29bce06e57a796e5940,
d45ffedd07fd19346584db1950e9b70e,
d627dfb4c1e22f7e63ad5e993bb7a5e4,
0761e2635a60251591387d9100c798bd,
86ef7f912542ffe219db7f0bf298728c,
266b9380d8471c6f486b04d88fdc764f,
cc4173050b31366a9bcecfa804f87498,
dc9f82993cae0386c9d3384187879b7a,
1d41d3d65e90b900dab7814313cc3916,
cc1b3283c78b78c1aa3116ef4fdda551,
9dfb5f6828779a520d2ed92ba3ae71b6,
c6630a31fe483ff1b424dbd47649329e,
0aa58e2ec69d087825e417d5157b9ba5,
5bdb5b69873d2ece62abfb99f97fc145,
987c037796dad466bf3a2a9ccec92de6,
54979283db2e67b96f2c62501cd94f7f,
d47b72cb418885307811a5da6edf1e68,
c3b268b32d47cd6e54eee445e28425e1,
06a4fe2ba8883b84985a17a9c522ebe4,
10c667b4acd88381501bc87243713952,
acffcc87638c2f80c81faccec551ffda,
949f9cd9f479c28585769e2a7250c8d2,
b7e9f4e34e38d3356b5d31fc399090af,
8eef58b89682ab1e6931faa851bf8f21,
a49a0cca40f1c5313708b84b8a54427f,
752b155aab89cd10fd8f7342385fb02d,
3a6135c1632a90bf55a84123d9001e62,
fef0352ea4d234557b220fb7ef99dbbb,
5306955717dae9362f3a3d512810b86d,
330fbf13aaa2a2e10fba8f680ea1075c,
ac76e8d49d0565f9fc44ae670b23ba55,
34c94c65298bd7eaa91331a8f46a8078,
22245192b8f74e1e9446a4b6aaf241bf,
cead92e17d288263ea31a5584ce5e3a3,
4d2a3b317265d62cdc57eefee7c8fa15,
aa2730bb5e6c9943e27101d4c3f309dd,
0b4694b86b995b758f8679041e618742,
fd5b4f33ed3512d3e0cb85431cbdd61a,
ac1f93837a01190b10e532ffd279cfc1,
6af6ea1770d3c8a0e78ae512410f63b7,
8cfdd43be942ba6c324239bb89bdbb8f,
6695dbac85db91badbbcf38ffa4c544d,
e0edb469268e1f53534e6326a18ed3ba,
ce82cdb7a8e5450c4c734ad6e9e1f135,
91698ef8c0e805d819e4307de9df2c71,
04836316f6766a573cd78960439089b1,
670f7801ed7dbf9900c57498b02cf167,
dd17663527bcec5674924f88d95133eb,
b54d037b9d3209a367b54847c1587b31,
02eb9d1c3a3437b0ab17aa4467d838a6,
f90b17d9706d7f771cf6a4bd78b82389,
e5d1bf5738f7e3c1b04ecd4a8a8cfc25,
1d7a8c4388e86fe04a7609680a3b380f,
fc94504b83dec591fdbd9b13d5a7deb9,
b4021b318479e0ba800dabb318ef1675,
a39647d6af9bf767c61105e9b168db4a,
e1ee0b4ad57fce27c0f85dc4ecd2ca00,
8a6a99148122e526ed83660a9fe3c902,
57a0ddc018068df57ad4a0afc1323ad1,
71fc70cfb12c450071921d75dafba8b5,
3729c84bb9f5b7db7f3a4469d43dbbaf,
64f1b9a116dc1f6c5297403075a44472,
eccfd3082d72bd305fdf442ce59a09cb,
401cfea5f32bcbd32a23c835021fbf98,
3ab6e99ceb34d44f85955cf334b2910f,
56b3729bb52b285ad95e546bb8d4482e,
e8e763e440f470d5252695cbcfba6966,
1537f333e36383f65a3fc4c827227249,
55e7ebc8886eb8bbf3e544e07ed1e5ff,
a6618fb0af8643eb075b02d88378c654,
40d3a24e442ff483b1eaf5e6e4610e38,
a463ee2cb11850022e93e83e1b09febb,
603b180e5bf71d145dec18a5e55e50d0,
a62aa011c637335ace568498d45ce6c6,
32c2e8187ce5ba11d9537f80e76fc76b,
012f591f17f4226bdb3caa90f6cb3474,
2327bfc9e0da310c517e4d9d8c2171fc,
9e809ff0a1bf66c458bc6fcca1f5531a,
ebbeddc497c36bb0113778f817b1fd2d,
cd5fa85487846c746b4d78ba4e0cbef7,
f6b39442bd184e277036ff26262b0de0,
063ecba11fd2071a67b4dccc76a96634,
ca17fade6300ccdb9aa37a784eaf8de5,
3e5142505a36a305acaee3c111a3ab78,
0086e76a421857d34cc1ae4b941c564e,
4bca1e99af1b4febdd062ae6bd81a61c,
626f609d4a713e99e0dab2063fb3092c,
2cc774b096e3ff66c689dfa2e12b79f4,
a4c4b7b0f379a3d16d293f0efd59f61b,
da850d61d7a0d890444cd31b5f36ab7c,
c290b7791f570184196216b70a006381,
eb8c8310689d6f07885265f1039bf29d,
c0cf41e0bffa2d5a1fbc142dfa50b428,
86200a372c31dd243183aeed75bed9be,
ea1cea3693f19905e77ed7b648da2173,
46c7c8c27aaee8baa3259b1deec5b3b6,
bb84590107fe121fbf80fffa64489e91,
104d7f7f960d5427b99bfe8604114c03,
c983660c28c984d8cef0c516e83ecc99,
f1550fe490d74b50f70ca0b14fdfe07d,
18e4786359d115d947d7d060cb04919e,
bbf32349a70cdc79710e3e969bb4326d,
a93b7b4f20674ee3ee6eb11bae388599,
7664c57b69858344267d38f075091f7f,
a1c728f93e0418e9a733ae00096d61c0,
5fdc78fb0757813e3734564d41f9031b,
d896fcfd170ae5056303ec92a4ce7834,
f1e7317c76fcf8a62bb040f10b80c60b,
d43ce99af615c23f2101168cc69bf371,
cb11767e83e35b20fae132c351c3c09a,
27376a151c90c6712cfca31c31c32d11,
b8d0448a8daa6f3eba37cd8209089150,
7de7d51119f2bbeac931e8cdd27148e2,
49ea6cc5049cfaeaf001f4c4751bed13,
e46216946abd7b6b958d6077a5ecbb48,
3d00c615e5eba0dc60add1263f1637f5,
9047a755a1d02a3cf291fef484c0e1a8,
d0aef2989beffc6d978ae706e4cc452c,
5ccb0f76ec9ccd95d492461c9768b054,
5f77a596326acbc0c0ccbcb8625b6565,
a7b3a38ef69e9b34fce11b20204954b1,
3fe9f52fa9a54f622403fdbacb215763,
007e62ad36ae31f8cd7c5ded1a70a0e4,
36ec12c255a289b411f5b11e0751d396,
475ff603cd12fcc0a8cb92ae3001588b,
d6f59c875e30c742ff00339d320b2a7e,
b20d4964dc7197c60cd1eb0acb3866fc,
227b3db9497409b8a6858883b2626df9,
09727ce21a4a8246421adf59e224f1b7,
51be7d9dc28c84876377b537b75e4ade,
e287bfdf41bad84c2d54a4df128b4185,
b9f8de5abddbb4a8a4de9a87c9d46fc9,
aded86b9b07ee59526e2c131cf3d6808,
75ac8a3f7121e5683bc241f676492fe6,
01d1ad57738cc3f75229f4e92e1a347a,
c435a6aef2e48a0d05bcee8868e91fbf,
3b1568c856f5de04de566e82a117d25b,
2cb72b618c3ed4114dacd4ac9290949c,
8408751ce1181558cf9e533d7dc041ee,
0537b68e2109ea5cb2054b7defd9c5f7,
9c2772953bb8d34812990a7ae3c65fb3,
bae49a3adae82ddaff2b23ee1a3b60d2,
9b5a8014f83d15d099c92e9cd8ecc74e,
6435cddf768b6cdffd3c99fe17ac1fdf,
0341087d26f202c93241888bc3e5a2f5,
8980924274969679996255f42c75b2fa,
840a6494e7b33d708c4b0ad1ebccb9c2,
7d394f201b3a50c7e194052fa40e1f6d,
75f4d1ccbf65983daaa629e63376b605,
ed1d016f20faf3f629956359a4cddedd,
b7e4d52cb5df0140845ffd2816fc078d,
2ecbb23a450f2f51ddd721e652423f27,
efd993c17d105143ecbc944880dcf412,
0121ccaad3507e92b8ea4e67f93ddd76,
8ed6bfef4fb17c9af4c178b5dcfe72a6,
4839d9c0302b80789ca3d682bb0c943b,
9fbb82b03c1813ce32407932afb49fb7,
8f59b5af290fb8a36ca31bd478a358a4,
040e21d24e795306bc4f7ac5591ef5cd,
b786d4c4c00d2dde4b15d74f6cba1000,
734f1b0027aa9bb9d16c71935e0817ab,
52657eef5333a08ae35348fddfb0dd45,
fc41ecddfb60001ff8df99c425f97053,
29a9bfe5f01d2b5827c4a00acba99995,
8c9f5d23fb3427b97d9193e099450748,
7021f3ba74991183510c0ee5aa2e2ca3,
92b000ef37827472e1cec019dbece0f4,
a1f02af70e39272c7e971e04aaf19028,
8411ed5f9c7c9af32c4a8f98c1586a39,
f6a4b89d15324e34139e4d02f46f910b,
14ae6cdb7a4817603cb37ce9182f009f,
4db7c01b0db98ce9279a8990b62850d3,
a2e525312fe986d1b42232eeadee6b81,
487751ffac565e6f410c8e2550c6faf4,
3b4b2bad3e5401a1001c34988596cf22,
909a9ad130ac7de7028b1151e87da521,
638a287afe6fed251852baf79bdc4b6f,
8d4d3cd1e8fe27b3b6acf1f0df942caf,
c9a2fbdf858ebb57afb338b99744c132,
68259da13ee5742a2e54396a1d8db8cd,
fc10c51675609f45630ba5accb06d3b4,
124b5cf68656af67ec88bdb9c1bef4e0,
290f7371a9e19b5ab4a1305ea8ec75b2,
5405c9ba5aac075642832298a3fa31fe,
85c26e54ecc49086eeb7fbaf61daddb3,
b7ba75b2e64517cbebc3a1e3e51eaa6f,
c05df151c025915c5a13b5f9962e3023,
b686a0655e1904af816af99150a8d76c,
e9db379441ef7a80d17c592bb4239e80,
610874fcf15b686e5c82e76d9e654095,
004d54be0db9e3fc021c95724b7c2b0d,
919ca76ec6ae10125fa76d40f64b5d40,
9f3d98500c8a684a52465d84f6247410,
4478bb7c122fbfad45c0ae8d8232ec6e,
fda9f53a7ae466211c1954b0cf4d12df,
3584b14e8128c44767a9986ab4f317e7,
51c7856f3855997accfafacd0ada1ca2,
978175996993dc8296ab2e68675bde0c,
e8a63f29ac2c0ceb9a6ab69c1e8dd786,
a163754a3785b717392b1f913e146017,
c442c8929a2f708c173fcef6a7c75ea6,
7534b47322697851730c4cc789ad01df,
d2fd3da416737bfdd823757ba3185211,
61bd3283116d8ca9cd0dc8b19dd5096c,
9d42072eb85e9e2259335befec68672e,
0b12e15bffdbf9f1b26bf1ebecca5c1c,
b652c6b707b06b2b42120848502166aa,
92e9b60c7d4f307f3a969eb68511357f,
76310eee22dfa09ec4fc6bb6328696ae,
6b77109fe076a2a8ff73ac2c5e150e8f,
054edd2e4414cc9c3e7d4aca3414f8a6,
d1fc2e9d02eb3875e165b6e3a55caf91,
e3258d74203e2ff442ca20f3181c67b4,
9f9042ecaf2737642c52f17be77c05cb,
7161a82f78c94ea0bd045f69bdb90552,
c0c1434913076bdf339078d7f5ba207e,
56e2fe30d5c49099063df928cfc29a06,
8d46f377099f32d2cc011dfd2e11ba67,
711f92432c5d2b5e573392ae042a78b2,
e40ff142b4d325b66060830f0ee844ae,
26cba2f846a8e818b2e38b8ef2fa42d0,
4f358fde11a39c3a0c5a294b372b04a8,
155cae1b8950e1eec2414e1121136d2f,
558de4c7d5fea172f38bb15565ddc469,
bf224cea2f30de88cb9f18c7ff2fc5eb,
eaef8b1f9a9505a0c6ac68c20e1c61fd,
c05a482fd44b0845128cec93544804fc,
6f28191d606e1412818820bf0c3f38e5,
fb261c18d10cb76f28066275f0fd91b3,
9430fbb87a42e228c426329a88d80967,
0abed7718e69ab9b56c3d6145afa69d9,
0c19be5d4de71aaebcabe99dc09271ea,
6529cca107a36da3e659a10f3699cf2f,
e3beb870c8fef5d8e731fb798230c9c5,
267f17462909f3a9a72aea1addc6ffe1,
bf2d68856f89f4203cb4bff1b831a0dc,
4d0afa19f78f2b4dd88771e7731198f4,
90e9b86438eb2f20755486d2d0e0a447,
39ab3115521fb5efb7d7874204b46f87,
7185e2e67b61088eaa277edba777efd1,
de4d3e77f455f59d598be2f25f7bc377,
9aa2246c9d251d45b2a7d2aa6ebb5abd,
3822602e387636eabf3ddcf6713cec56,
fba731fbc843503bbd84e45a07b68edf,
c6bc32d49e6205439783642e5190e3ab,
7ec69fd01ff8f39c180c050991252bac,
0db386326adc36b2d68165f854d25c9f,
96d78a35e595961fde1903d9012d1e7e,
58cefa705ca7b8466372fc85c7c33e8b,
91013f193533a83ecdcdfdcbd0a5ae54,
6f816c09d02186a50fa4c8ed383c9760,
f46f9cc68b2b50d218c0ef2099eb6dab,
13c35345c29946855cdf56b28582ca04,
60ea948b0f4d9683fb8241d7ff7cd90b,
7de9e24ecbb66b69a03e08e1a84603c6,
2bf77f3642ad9cf390a574de8d5f4698,
7a930bea52c93f0146b9d9c2ace6580e,
f0f1efe5dfb1c08ea709c408d723e34e,
ab568df6127bbcbb619fff8d28a91b7d,
362a0cbaabd239683e77893bebc02abc,
789071640c9b2631534f142784ea77e4,
43d9bf7b649ffeaf7d3f35a78f2588ba,
fa9b1ed11a8d56f2328d62551675a8ae,
9d0153a891b59be6becdf8881ab24413,
e783dd496df20fe57f6ee6f45a8486bc,
996cd325129d4c34c0c276f2f36daf44,
19deafc250ea830bf7f750731d21dce8,
fb563105fe6ee82d80a9b940d814abc0,
05eb9644661f014ad05258144bbd2d5f,
30b4ac62c153854cba64bdb2b0f5b226,
31a1ba8419c9cfdf7da5373ae2176758,
7294fdd563efcd032be00326abd19b56,
a1c395648467499a636e85b3dc8182ea,
fdbf6da2eaa5bae0f044899826ab9433,
1a0ec0fe2ae31ca002ebb6222f0dc90c,
9009dcc4338e5641d69984c75c9c9c5f,
ddf0704629b41181bbd057ff5deaa641,
d51a7f42d455836dabc4f1d5dca31fab,
ec48fd772e50f6c2a0a075013b705eb5,
d66833016b4dda28f0bdd48d2e2ea7b8,
eda5da285e9ed0e34759c9af37e7afd4,
5fe9580f6801e53660f3e614348b7636,
d06034cc460bb25c292194b5c88d5ae3,
f873a6d5a553c3471df39401ac32b28d,
f3778b723b1019af1a56dccff9552331,
467bac530cda500732bd3febd2bda029,
1fb516ee3836609b837175abfbfe9128,
3f20c28587772ca42ca76480d7773afa,
f62c8a653cddf301b15700efa331bb72,
1feefccbae70486b7b9d272e7245f5d5,
a3c80b7aa5a5cabe1f0cb2131f17a819,
0669efdef6257d2c1300cd1287e8a988,
9458fa2da459120b9641ca9bf2fd9ab5,
8f8c69bbdabc46ab0a53fbffacb80a31,
21dfb6e07a862caf1f13c207e76c9c42,
7e67928cf07e65efcb8e007ad5c8c698,
effb4f99a7284b9db64dc437b53020bf,
374c09aef6075e8edea2001894931906,
1c70af6a5429ec8291ad2faa9d8b9f98,
44a6ffeddced4c1857e9728a7d76fc53,
8ac53da9fb2b9c3a68b02c7d1e842b3c,
9d9046177241e043de9504f7f8b1da86,
9ba7d42b2ca39fe97f087e5511773c8b,
572c9420f4e187c36d7a579e5455789d,
a3ee54f0c316c14ba426f959a5ab7bea,
34474ffcfbd406f17dd7977296c86b79,
e840badbb17f17604f0d4e70602acb67,
7df3e05a84cfd939d0da673e7ae4fcb4,
ae333fac9ee313f3e34c544b3101978c,
f09654b5d187b087ae37b7eaf5b253a1,
174a72190a64f98a20e1fb189586a71d,
45e6d327300cfa18c238d20f39a0a696,
6ab61eac3dee78caacc16428448cd7d3,
3908980239c61ae52f32c329c44d2057,
82c98a2a830026375ce9267252ce856c,
dbda9a382495abdce1219f08ef235052,
4a632a99b8cad49afcfb929a2f53fe2a,
fbcaf98104c73b4accb00d33e813a1c1,
fbe9ca4c66a3715b157e47b120f0c0df,
09ea721e899b4295c341f0e79f9e98d8,
3b993aceccd15bd67e449699a494eec1,
cd239f1a2525471140c66dc6233c71db,
2f8d67da793ed8d44b94d2265a22bd01,
6c0714c361679ff661f42b0b1833e121,
d353e1a536535bf046fd542531930e63,
606cb95a069ebaaf18f432ba377ca69a,
3d838afc15925b9001b38df283682467,
19bef5fb6b4b8dc998f0e387c5adc08c,
03b44b1a1a1c52ad568862a1544f6659,
caf0ed8cb9b107386ef64f1a833de1b7,
85c4cc218e0e9045d19e81f18fc12f05,
6efae43c745181cb7d21f4008a61b5e0,
a2cefd99c24f2f7f0f0ac31aa8f126a5,
163ab0c4dd1c992186395750c87cfcf4,
84799102250bdbaf281a9a6e582ffbd8,
89ed01ec93a158ca769f599a6f01f447,
34fee7b351fd17ea01f07629bbea18af,
0e95753859cdc5a8f710a8cfe8bd58c6,
b2ea388c5d9e87676bdc7a8c31bb1b30,
bc76421b79b1afaa94768ef221ebecee,
f3b6bad6dc239af6f944f328b6867858,
22faf7d2912b73ad49f71eecd161e946,
0eb37170ad1d188a960ec4fe6c3ffc63,
b9108134eb2f2bbc895feac5b4137b9f,
712407ba6cd37490659dbbcafb67ce5f,
558eac23fc05eb2efa261ebe5db7d291,
d58972c85c5ba7a7474e37e66cef92ce,
cda481c8bdf321cc9f340ce1c6d9225f,
df2bf2822e46886e66aa6b548ae4f8f6,
de7008be2defd6a5d18b404bfb7cb57d,
41ab0901ee798c874c9cc0960499d036,
1af17fa188d85098addc552b0f171fde,
1a837e594babf53a66b7b764950fdb2e,
d6302dbc202ec04fe50f3a2847e202b6,
c6e77aa496a69abb84fa55a7e6343ce4,
8dc5dc53cc143f0f598d4506e3850de1,
6653ac2b84ba66e2070d4772d6da8091,
48e1d6c61be524414dd243f60f71ab84,
ae38adf17bd10bf45281b6583b1c2818,
3ce8a9520523a403bddcdd640dab4be4,
6920d7afdc3bf14ea37856005a356a19,
df6beb20133942abc1f954f1b3104ea4,
3e72cb730eb57093aa125444a004a1cc,
02c04108ca18d3a663daa4e89c7c432c,
8f9618b72fea0ab7427acb7ca2ad1f27,
ad5ce75a8f4cd89efc23dcbe520a2859,
772d9292dac92a91591edc95916cc24e,
1eda0403073cef54b76a215733a23969,
5969067a31e4a336c4abbc68043d8be0,
2ae5ce42993d8b6b17c4d596b084d232,
7210e50111db8ecaef9f373d5218c788,
28c7ffc6922f193e2e4712d97fad8f35,
89f8f46c79f4a578309c6d47f5c69889,
8c65a98b1bae73b97a32250549fa947c,
d0d7f8232cb75ca7f30e7e322d67aee1,
85ba936a8192f984804b91a611b93c1a,
e364c7e9a834f6b60f2e2cf24f5925ed,
4f969000dd8b5b6bb1e6cfb7c15a2062,
048afc157785dee97cd9ca1874468bab,
ad1757af69f26988c8ae579b1e10d655,
44fcdab779792ea5d1364626da4d719a,
695df28dd57300c24d2eb26e3fe02d22,
f9c61ebd5183c4249387a4d273f37712,
76b21467f4f86b4090cdb6746aa1b3ff,
bd78dfe06fd9f20f9d45806b4836aa14,
c669c3990446514b34a7309d32b661e9,
f9ff97640796dab1b20eac16ad7979c0,
ebbedde8dd627bc5027a957106178ade,
1df24bfe1b6e76e5b34770c6fec3f103,
fce811dccad5f21a6e125ef514743a54,
466e7282eb281abb018b4af3549beaf1,
f82ac4b83fe188ab6f6e3705723bdab6,
edc8479d044664a6dc9be67e3eea0684,
552296ea37265c739a46716595b2c869,
4482c12c6d3604edbc353f8deae18437,
2ab0729fb2ad21b184eccdfe48ed1623,
8cb5e7dae5b1291c1cb256f157983a02,
517c17a3f46d5b44dba0f19e8a170192,
92c6a060a28f88accbb9f2cd89733784,
d332f2b997018c08fa0dce3cf96bc3f6,
42c9ec8ed9372765b1117974a2a74ec2,
bf4c07aff0e32f13909bea2c5eb21438,
a624f601aef05e40d00459ac2ca7f351,
f1393a6a08cc0debd9d09a06854a0ade,
917671a4e9b05f22fd42f6731ecf1360,
4973b40e2718436347ead2d66fadeb33,
665d4b805346d2d7786ebcdb5414ed06,
5b066400a875d6ec13186d40cb356cb2,
f34207f0fd91828344f68b3fbfdc9eac,
8e0cc8d5a3b705c0141aef89ee04eb4b,
a5c644dc0fff0cde2317f3e1f8f7d77e,
ebd51f6d9956db416f742f98057e42f6,
a7d71bdcf9f0ece29d0100fbb391e728,
9ec189ebc4f326fb04edf6bb4c0e6764,
afe43f77bf7e666dd07e9f2432160fb2,
bda5ce223247a6963ebcb44901bd0ad6,
0b78b49b8fdb7ceea140adffb16dd3c8,
e1ebcd9d3ed89cbad3966b4f26bb4e56,
b654595acdab0d526c3f7b867a3428b1,
8297894db14eb9ae9c9541cca5db044e,
2e7758819504cb8866713e8fc3a74230,
7242b798a358931e393c2bc631ba1892,
adc8fe84d249f505bb5dd347fb83c180,
2d772b6849501feeba9ac89fd004c9b7,
d9a3cc66e9b710654e6d196f15900ab4,
bdfc3ff0a7f8c8198703906d83666b78,
29c387197b8ae3f7898247d4c29cee38,
0825bcfaaeadc3635ac45891de02924a,
4091e805a7345f0a735d4d5c585b0cbe,
fb783c920042b8c211c8010aaa324769,
711a80d07fd834bbb2c518027f1b017d,
066c73c2d5cd31fbfc655abf1ce73158,
8418d7bced78b88a92f92cc754eec3e3,
69d3d9d34df9a8bfcc67ac8ce7d6d976,
8c37a31447e5980cd00dd5fc9d789f16,
88c21f20a759ac367729d6ece1271c2e,
2a5ed7d4556e2e4334d3c9dea3b0cf86,
8f707c6fef15a9df79f898d8794d5171,
05532be1ce1b31725a9212c8873f489b,
094e5eb1504dc6335cc3c4a8e88ce4d3,
2bd9f89c6a168de504f901bc6efd2d8a,
f9c9cab1aa41e304931df4f734f7ffc1,
0700dfe079a37908e4acfa6975c88802,
2cd31d51ac55f1d00ceacf26fb68b0af,
398348953ce980b4e9203ec6a36e53f5,
88bbf503fdfcb586a74fe8e8618690d0,
05b34f7ae4fd74c0b8e37aebaaeb8dc8,
7aa2ecb066ecb474a42b73fff5d723f0,
5b0662b65405645cd59e3f1edc37ac17,
5543d4fdf1e4c914751c12d4e9eba283,
fdc989279a48a60e719746061d176667,
097b9ebaab0ee8ebe6896abed9b48307,
a97fa6e321168aabe7a018419049be49,
c6080b28fc0c145ee546e73f1a4c148a,
ff556e1be204e1ccc95f90f00e9d3a1d,
163bff091171403303df4ac3e14e5824,
b47c437bab1a2821dc2914fb85cd3b96,
cb311f0b2445fad7bdefd6dd007eada9,
25b094f85fbe445d80afbf9f2ecf5766,
3585a6c7c24720909c53299d5f6d4f73,
466da74153f2638ab5a26f95631a7d36,
48ec64c4997b83ef0486c6cf1c956dc0,
823da8edbd49fd8c85d98d531827dad5,
87fc396e0168d768acbc54fbd2352b14,
9c6c2bc4fb9ced2e6c93dfb05d598e4f,
303058a62e35d90c056e9bf312bd6298,
cb0aec16a130ff25bf834c5913a899f5,
48af557d9c6d2765a11dd6dd5f241b3f,
65fd2d29e314d835d3c0c0bb25afb9e3,
afce6a2d7f0ec5d0d65ba5239070fdc2,
b2f658f64b10a5927169609f37326aea,
12b65d0653bc49a0e8f3f2333d2939a6,
4793d9eff86e6ac4bfc2c3fe7c0c7b71,
87555e28922c2633524825463ea76638,
cd2087cad70e3fec4a9e1424c0e4dfa9,
c3a663873d1faac51eeb4610dc9558fe,
03d98633efa28c04774446b6109f6661,
2522af5cc788474cce21685ad827175d,
f8c102c27374b022385a15e2d030bc68,
6aae43fe6033f57c2698fc00d9bdf5c5,
08064e1cc8708aedc01c1520ecb629c4,
3498ea1c0363d481f23c1c441b046065,
e75dd95a91f9ffb9df940a6bed47e73c,
9263ae6d5872002ff0d405b12cae8627,
12f0c43f614de1964245ef2416a507b5,
7fc5c5e8735c9fef9dd8eb6c294c7cf0,
87236df1c0de496852b3ff1d55056723,
b973a8dd04036b76f17364dbf951cdc9,
097873853eb375b471157b290b8e9b50,
7b020689df9e5526805750a933fd4be4,
1d7329d2e53080086d595dc1d52d9dc3,
106ca6d1514a0e5046d28eb3b3e461d9,
1caae1e805aa1dc5b46ec1f6245053b4,
94d4e14d77d855960afb6d23f5989e76,
ad0db8c759ea1d254fbe7b5f268243ee,
4ea36e2f2582e4503b96e2f99e9d7b71,
2e7196fc44b6f704c8ba7ad66f21d2bf,
0c5748a88ac3ff0208c2ecfde4e3f7cb,
a6a16e5259c24cf66c30369b1405f4a3,
29206c0cb617f653252ae4c837b53a2b,
0286dc71e4e930197240004f497aabb5,
b355b8f05d1ea3cc282d69813d713ad0,
279d1d31de109c4f9b09c5ace503c935,
653c9b19a7387a970a7ec3221b853415,
ed08c75fd661b5dff9fcc51f0acb2731,
2aca6b65ce9f8c4244ca2c4bba955d7c,
cc80c658e70c041168c6949d11e20b3d,
83f948e708a5076956a38e3d652f494f,
d4266d9a62c2c32a65f55d8cf71184e1,
476377f1bf40b5864216270d3f92e7fe,
4955a98944f18bf28dc25bd8eb21fa6a,
99c3b67008ee2816819b89a13e0de23e,
ce436db1e506347afaff3a8aafca46c8,
c39041580f46c6464d96a9cfbca4f692,
0e967cb75f8192236b0edcb0dc06bb70,
45cbeebbb2532a217ce0e05425bf37f1,
8a36a45f805df5492666f9a819430f15,
cb849b400f10b51755fef14c72e71446,
a3705dbf3c0279090b11892835a4f7d8,
d7a933312e9cfd5d32c7a410bf352241,
684329095c8a674451548d469ab1d031,
7fb799b693df077b05488e35ab249960,
66940147972f37bec25d1f76c5458e7f,
0b0ba2a11cee8c0653725f91a9314629,
9165c2a41d868b563e5bc5c6ab28ab58,
470bd60ad3047351fa18a2b6785cc124,
a77beb070132bd120a055dc350755c53,
8b82ecb631bde6ddf8465f62e29d572c,
880a4caee21e3af6c9fae02c22af577f,
ba21a36f5f0a573819b1e17194acdd63,
1849376b8f2c290c81746310d4e4f3a1,
0268fe486b49c40e0890fa91994a7f49,
e64e1789ebe6e678632a6ae52523d668,
1071220bacb418087fca88162565734c,
987b71a1bbb981971b7542d65752aa53,
39860c51aec2e6414758636ea2366f9d,
b726da28c190674edaadfab8824c9ae0,
7b3bb43cefb2889f07df9eb13055cdf1,
e0e71cdfef1e273fa44b506a927cfdf4,
d232675216687dd8488b88bc7dcbb3df,
d6882633e1f0df948c432b7db183f09c,
b7ff1c12a8588e987aafb2e5b42f384c,
f138c5cf97bf72c9210c09f5b24e5ebb,
844078ba9c3792f2b03304ff47a06c73,
e8a3df648b1190487cfabd23b06ddf5a,
68b08ff7c4041b34a6b3b3a7ea4e3b0d,
728556caa4e6eee132a3aad2dba2d69e,
1c272228d3e72e7f8a8fbdf7085d4cae,
4443c1faece4f56fe889b85acd15b63e,
35cea742682924bc213613ce53996009,
04cfb3e033e8d5aaaffc0cb29cf7ae8e,
94fb4fc4afbd4499695f91159b336c4a,
19534c3002d96f60dd51a2ca78931805,
cb0f71da79f5be407f18fedcbdeb7199,
898a4d3f3aa0f11377a13bdaf2490b43,
c63b269a327f0ef4dff8f80e32efcaeb,
1a686e6125d603233dae1cda790d3061,
7b76b4143a35bb6cfbf734cfceb96311,
793825cec30bef77fbabd533ece9b152,
fd5877a6dc9b19fb74c48ca918a29c6b,
63a6566064c1d34aa84f9d3e31d76a91,
2b2cf9b80eeff21dd8df57510353dfd8,
f4ac7d6a2030bb7b82714f4f3d72fd36,
ebca343c4013a04256e883d11a2ecb36,
5d530298a7dcc94908de3fabc32d1488,
11974d9bb7abfcc494a2ec12038e9e5f,
b911e80e7d3b134268a4291ff34ba59c,
f30eef6b691b42b9d13848eb73300e00,
05bc0dab67f133b2dbba8e786dbcee4f,
217d030ab66b9322ff59db11930e3a1d,
e8c1d442d3979ca0ec1ea0c423f8f002,
6cae8bc10b49ed1384787599f0327798,
633c4fdbcce50a3ef2899d63b7c2ec75,
c01eafbb3da6eb7c1b287eba8f2603f2,
833c9261876b48affef73d8e12b1f033,
4e45ccd96a843da0ee3aef4737c06a80,
701a38fec94e088688968dd8689ba16e,
7c078cf63fa74a6063e08b8555120a9b,
9736c9e8a3dc2a07dc60aa12aebce20c,
88a063e3173329239cadc5cda3398232,
301f2715ab33f5329816ce3a6b5bbd83,
da844d3de545d1ada502c75a4f12dcae,
61cd1cf566ddc58d53b9d1b746d403c1,
df046e509f81d9b257ea75c176166eeb,
119f02861761992625e5e08a3c258e45,
26476152cbfcbe86388825911d97e11d,
6af1bcd1e158af95bb9597c0d44345bd,
7401b8a3de024975948fba7657bd29b8,
008daab67f96b475aa6a3d31c5478f7e,
2093e5e7659a197d459cbebdc268f680,
7fedcd3a5e67371c5fb7b436333257d9,
4e27454da1517554d68aaf960cb3427d,
d9736e6c1e3cd0bf6da962486520ecc3,
f40cc9535fa1a72dd32d6ec1945d0b6d,
32d7c866822850b893317c7c68ec2643,
0aba1f715606e79d35837d5e51b1c377,
257b9447fd78081c56cb6028f8577477,
c9a1b941ea016df948f7df720ae60c64,
e1794b36df0a34161a26a55cf7c644b5,
96b242dba41dc8364e8d441bb4913bfd,
25d653b3c43c3924331a7ca7a76267ea,
eb142e711310bf8e076b2c035fb8abc9,
d16acea5510838d65a79cadc026088a1,
0f0a5cf26060de38a430da6bc0d6337b,
9b4fba9e4c7daa608dcbf0e8d9ad5956,
37a43048ff1896867539cc87a38046de,
96a3d0c5891146dd0d7defc6fc1f8847,
7fe276385191013dd8f5935ca4c57ee3,
57c478bb5e8b3d20403d0b439484f44b,
259ef4be3edd9a93f023cfca2613cd13,
79d33aedc136e05825d1cddb4559cd3f,
92acb326ed0aa8233b31406d8056bae1,
f107bbd1a4e53ccdcafbed70e9abbe07,
f5421d44e98d5d9e78e479698b165d5a,
cf42dd6b1f0d63ac5878b4f4ee5c447e,
5429068a5556b4d2cf14b9269967e8c6,
9e57575c9cd469658cf9127ea02b6032,
f7ee44192df339aa653470c058919dfb,
2d9ac543ade4abe48476683c2bee264d,
42e1b7f08367ee3f318028dac486af4a,
b237161b1f4506356c276a91069ea70e,
09f6866d7f1368579b18abfa8a3dca00,
7018cff1098abc2d2312ded8d71437b0,
b5f05b943aa368cc5a8a218f1f1f31e9,
9009fcd20c43a3d29e7247de8aa34ef3,
3397fdcac50c7a6bd349c88a2b2d257d,
430d37c1abc94185499c559bb4516c68,
98d1be4859f01281f78582f69841bf55,
00b5becf236fe77f06602fe9e856e8a9,
2c133d4cdac824eddcd8d94a7b5c7033,
bd3e950283b1410f1f98583527d51852,
23f4c51487618bb2c792597f04c88c85,
aeedc669404d80bc02ee217a60d10acc,
b5dc54a965c7fa37f8683ef594184700,
17c373cc190985660b609b96b0a24dcb,
24ebdb0c76186bf75ff15dab8ba82964,
7e1f21bb6632b11d317ba51035049ff8,
4832410e9b5b9532dd25f4bf2852d39e,
ee5b09d88c83d9545afa4e8d89763e20,
f08b0b6aaf938fa85a070ac85050ffcc,
a0241b3965a802ea1444c50d3a1492f8,
5d3f60e2a8112e8e202488813d4d0111,
7f739ed576acc9f58028cd4f82462c6f,
e42ea187fa207efe2e7adc80f5eb1c3a,
ba3d8bfacd899789b0d3de9b98620643,
1641154092827a68e33509f04918b4a2,
e6ae6e0c28ae5d8b081d3e8495090b6a,
3513c60a76f6a9b045085436aeb731e4,
0fd22c56ea41c8123b07b14e3689cad4,
b0661c773f4c12a45a138b0df829333a,
03319e5f0734683829832f4ce5052c95,
f6836bd94c062b461d6ec412a1634168,
8dbbc6f539112ef1e50c8237cb3bfba6,
8a098a2f26c26fef9075c4172f1f3ef9,
6e7a7677cf04d0066526c5861796c98c,
4b4b5251afeacb48e122cc7bf369e9e7,
354e9da4487c0eceabda65ab6eab955d,
f9a6dff15928bc862fd380b25775802a,
ef48f10a25c80e46f51d603a05a23862,
452cc7f7308bbbe4a80d42d1847be491,
cf8177573cce70fc3a5f69190bb325f9,
6dc2adce3429ee0f1aed60f3b27c5532,
e7ee9a3314027ea2b1732a5335241249,
b50937862accbb54cad295d2ca41893d,
6bf8a6574e141d9b54365427611267a3,
11358f9386c01d90118b68b95f2841e0,
19d67bd7fe5af5541d76117ceb29c968,
48bb772d0df58a37bdb63485213a7fd5,
fad348a013554737c0773b861c0eed31,
27d8384406957a147afda65b8bc912d6,
6e3e58af92b403115003f88c33b9914d,
88c3e7e6a173d0a0c0a84c4b4347cc00,
144f8e859fd06c5014a8ef500b588815,
f534130a899de462ffa9aaa0133d0354,
39cceb81b24139acc742433144a1041e,
fa579a35f00a46a646bb9a420ca9938d,
be96ea3cc8fa5070dac85a4e59dff4b0,
40eb1f0a5fd1933a6549631c30718928,
86991d4c0e8659968c7a9a50ca881e61,
a6b9aeab514cdcf7eccc1a021511ec40,
f60b8f94d0a8c1ab20ac21757625d957,
40d599431f330fd7553ecff68f5b8a72,
66354f9daa3a4e2fe2fc07f24b0b76e1,
4d3d682330ad94e3d3287fda9dc24c46,
6b7c9cd0e36b3cde52a71678edb1fd09,
7f13efb6c2d98f8aedbf416f6541de3c,
55e979c233d46ec090b401f715260fa9,
ec24f71eb646a14e504596cf5814905c,
b1a830d9939aba54088b5ed9cf344c01,
ad0b5cd55353d7d16968d6bf0c2a43fd,
c4ebbd08dbedde1f513f67b24421bc03,
3f127716a6316a839e5a053b86e83130,
b56a3b72f19ffbb9e496bfa6247f158e,
a14f88ade7bc1fe6d08d57c940edefa7,
692a95d92caa27d44f26e4191791ac0b,
fd1a2cdf5d457ef1326c4a04b529767a,
f70a994816e2b9984314ad9964601270,
ee0ea0fb91a81224ecfbc0883cfda70b,
a0b02eb0ff36f67b01ad576a757cb05c,
bc0d126464fd8e6acbfe50b470d61702,
56af3acfbc9676f5efb903b5ffda7ca8,
5de9c5bb639493953d5c4c815a6b4e7b,
46d28d056a79782aff4c5f3d21f0ed3f,
94a85c7e5b5e6c2b9f492acdc1ff4b11,
2c88c6ab6b5795e876eb92a628d1e348,
f4d37aa3db6aa5b738b2bd2fef3cac2f,
c835a252835355f38c7c66dd89db249a,
941844afaf179a85e2eb63024eddf062,
bab8dc6f46647322fa641f4c133abd04,
8f90d2204806ff01e72dfe2cf5d3f9d9,
da5015e10282b13586a67d0b07201f2b,
40f3735a5bfa200004a33b7d17cdc2d4,
8fdbba2e2fc6d286ae20d65398e58279,
2314bb8c203f13785608b4e82218eba4,
0860842ab86bcac9299f53f18e3951f8,
d3515dfefd6f350e48dcc09c3585ef4a,
d5204bd42c6b4f8d57caad7cdf020700,
cf32b41287526ae1f5c4d8f555c16257,
1d4b75d8b682ff891564ad32d200d0d1,
0c3022c04ca6f80047ff430bbd53bf77,
b185da34eed19646e14d156a3ab5b451,
b62ce717fe8429b581ecd71a35e1467a,
be74e9cd683835df184e6564a56c0e85,
bbe0c6c186519819d34b69d9c59fe966,
48180da9ee4bc5a9e8b9d720813c51e8,
d9dc190d4b5fce0a8dafa054ee520b84,
317ce3fbd3fb67bc049c91c0f56076a8,
b58d67879a5ddb3f48e1127b21dce814,
278da040376c1f2f0f126dab10f599bf,
cfa6dddf74886d53081c100297cd27bb,
5c242c4142c03097136ef6522ddd925e,
06c478861a3cdb23716732b1a3d5fd42,
efb1a271244e20f9406ca3ac25fccbdf,
404f13810fc2501c1cc02b4d8398476a,
7c632258c957468c2dbb37fab7ca07c9,
50e78423c7774da3214f2529fa507400,
1b25d01acfa3222a73dffdda65b0b106,
cd807ef1a1b6494d408be05854349106,
43eca569be2302a2920a4d991c06ac88,
c16f0a6865f8dad2ad7f3308942362e0,
5322087b39daae36d80456d05dd86937,
2bc61f0dd1c5dff60eec8dd82463fd76,
c2551b027b5e3067ec49ccc0b2d9bde9,
e4c1d4d86eef4f3ada66b900678f400b,
fcf5ff088867a8d0a8ce0a0b8c6bc34a,
8bd526dcc40db4c888c2fca9badfb16c,
cdc6921885a71adaf214825a052fa528,
26f748733964a2e98c12db51b16ad244,
3b82a0b5b7ef88ff439b50f41e59ae57,
20a2b4c293929bb481370ebb1d7c2fab,
bfa4b1d446e5c10ec8892d76a2fe1639,
f74662090d773c6d728c2ea662da713f,
6feacba9f157f7f3ddb60b6c0ea41152,
d6a7c6d5a14e4ebfb193d1bd29c23d03,
92669578b35366e56cf33d42d0868461,
eedb640fb73da5ab0c1d09caf561a46c,
b090457dc89343736678acc0ae792044,
891752d1870f66287844cea3f57c5213,
d54478d9c7e364efb99c2bfa65a198cb,
87f82f701c8282615a576b4093ee5e29,
17c925938a2d5e9e06365043ad6b5231,
1207b03e75aed06ae07cacf0b6cf067c,
a4adc0b090726371cc57aaaa89b19490,
ab0ce76e3a7409524b9161696cbb85a1,
51c91d0714ed68c695f88b11345a6794,
7bba0c55303f2f736935d907a9f3beaf,
80987077e9f522260ac6abd96e7c2cdf,
b78416351b82360b4312d5157ff335d7,
64f8c359598b9524901ded67ad4c5923,
1b3c0a91ede9ce0a16765e8c77194f3d,
c30b2ff0ea9bc2988b49371ca7bb51aa,
3e281727e82a4f4e7970fb41ab9cca4b,
7da8760ed7c4ccd67c79bd7d842d50f3,
7d9fbca84a823eaa550cb615c139452e,
34504295225aa785db2a6ff24831a992,
6ead7144e55616d6612107e236460346,
18caeb56def5099f01a2042f5fa01484,
966eb1400a2d20f13a2963de5984d6af,
5ec4aa418f934f8a7aee1305449bf7b5,
3808c6db8ad94368763a109c4976797f,
1fde9a9f430bb5660e4eb102b58537d3,
e8a0ad0dc0485d8e86c31c696c0d5f61,
90dca7ad3f2f9c81a2f713d56030871e,
40914d7d3245ed84e27b9761d916d903,
6c3ab23b426c2863af216ee854a56112,
b87278759394b481d2070648c8619e30,
bfd50b7c79744e1fc994fa6da6cd3a6a,
bfefc3ebf1a4842bd6276720f9f2e49e,
d7203d0249252e7f1f7fb3dbd7896370,
e996181671db9566c51b47f88b56130d,
332542c5b3274a83e07f9c40bbad37e2,
9f6257da25c6d196187352506c4f58bf,
eee368711dcc89567e5dc10c0ce1c02c,
dfdee0f38cf5a3cfc27a09fb8c281072,
8ffe1959805f7cbc9056885a60d6d3f5,
d51c16ccc4386e2d54c75c074c4936a9,
f79036a0c4fe42aa4f0a3a84b7a2e621,
72e353eeb21bf1c8a9b7845f06a87134,
fcd8510b1c1f988067c6ed9945958236,
ef1a63df5516db08cc7bbe01d2987f6e,
00874491ad4ab79ba5bc5b7a4df1e59e,
1eac36007b352c130a95126e963f3e06,
3e072a51b3b686de87c92a778fa6f2c0,
a1178d1ae862a69eb60bcfdddf4e300e,
ac73df5bac221b5970af5bd1f471dd86,
037478f6c267af09756a51331fbdd371,
c0e39e5b7fd56a91b5f33472b5541119,
964808b4d5c1c8bebe027f7ceb278d8d,
e7cb08a72718948d04301484c9400704,
a4bbca4d56ca074e9dfdfd4c5d1910e0,
edef4445e6e4ea42d8f74a3d0eeb6823,
0c8ac502e574a4e8137bdc55f711601c,
af0440c706c45ebc2d01e84ab4417c00,
9fd1a401a3991c70f5d2bb52258afd7a,
a18a15b8d0c555a905a837971bf33c5d,
e54c28bb97bc19520b450970eb1fd482,
004c1ebd789f053fa997bbb7251da1f9,
bc01ffd79a07569c911618a794e1bcc6,
168271df6532539e37ec516a58aafb4e,
52270607bf9d4b96643e36eddc7ad084,
ad80c418930710c61bf2f9aee0f9bc4e,
0b27adc4642eb1f71fa1aa5322e14396,
24e67ba9ccf6b8e3ce0a0ed6e5a033b5,
07fc94b8e34bdcb0a7e04f40ff10489c,
4fb08e3c7d7000679a51a56e861215a0,
21c829ca9ed2b7fb17c65698bb2a7484,
4872c1b16b669d0c28ebe58e95157902,
e1d2e1d758e6a37aa2bf359d6d39529d,
575beb19bcde76d50a9235d2fbf5e411,
a2861d0d0f45a34a29e8f545a9473699,
5fedfbe4bd92610ef0a76b5cb8edeb9e,
0be49e7a7f36fe2ce91a5fded1c7aba9,
381adc3d575697a87172bc56f3874c6f,
3f0c18e256484a87158a1ddba6413474,
89e60222d82972e2e5d395a9bf5810c6,
7ed3093b89595272e6bb2546944d3ab4,
9f09f690b14738dd366069d475aa8279,
26deb6987fa24f40f50820a650ea1185,
e35f8bd6ff01256ca2dc68e935afbfaf,
f67c662374d9346894c5ca7c059da8c1,
b88d74a1377c99942d1178c2fa25e564,
e787780d8d8783a52348854cf2a42548,
2a74cdfca98d6b412154153d57f34c8d,
2c993f01d7e29493f04ef96d7e5a9595,
7a189728046c3d766ab86cb3df8e4897,
0beb7ccfa7324045bf3a29240895bf44,
ac842b095b916f44dbc142d55bc232a2,
a878eb187c403537a5b1cd8e3aa366ca,
d9d618daa2ca5e51d1197a7283218b3e,
7faaafbb56ff69ac1802513c29bdf0f3,
c32c5b26b5d2ee9a950754081c67e939,
ddad0c638e4d550949f21a3cc1078bbd,
bf551540b21cb28b776f0571945ebd07,
12ed21b242d839ddb976ee69c2c0848c,
370c8d98ecafc3442b271bcd2976615c,
1fd0e89aa4b35467adb28a65dc36828e,
cf5210ad1a7b67b847c9a661fb9f487f,
cd2963c088ab56d5f67a1c939a40bb34,
5ce381694a238fbdade893b61e0978f5,
eaa3abea2357ba2d1cafe64c1d6ec2fb,
85301b489b11fd02848f30bc27d4e494,
cc4f3f13ce8409b509f609f48c703e80,
feed7639a126910e5d7c2a7496add067,
7cb06f164e35f9f106c0f59f6d9e18e9,
d11868f6417b5528611c6c2549a0bc3e,
5cc03bd4bab377b1aa76f2b18c4e6403,
f6d0eaf734d008229ce5541efff77fc6,
ef31cb9131f4520458b0fe967a9c7658,
8ae2eeba193764d0f5441c520040e889,
c692199c39d396c7b1dde0b48fe4015f,
24a0c5cb480716224461fa6bf22a7d89,
47b21c8af3745843c3e1e3eafd865651,
4942c9e0fd9a04d0c24b9c9ca2b447b0,
506a45ca04373b912df347b43e1908ed,
fa58b39b6de93ae5b9010f6346c98ecb,
5425ea6b41a5e0a4cce98e3ff205bb4b,
6dff3914f2b92959e1d001c81f5b8ab7,
49356202fec8ee96cb1ceacea686dbbf,
c83ca316d0463f39bbb244d5e0f2f583,
d6fe4a065d17c12b5a2f4543f329a702,
fa582a2e72c9d15ae379b4a440621a73,
d5170f78b773930f0c414d9f39aa6fec,
f9e8ba14143ae7cd9bb3d66048ba4ca2,
00f315a4b714ac515add273a408adc05,
8e11ac74e5a87712411531ec00220a50,
1d60883d58917f3e3d7df74ccb27f151,
39c7bd35652f95a174622f183b7f0494,
8446e9270c7fe57210f4fae7c03498e7,
cc02afcaf9f40b50768ab106d5caac81,
665d25b2b2210d5fe03cf4a6c92a642c,
2be81d26bd71fdfe368c8e0be9095c44,
cadbbe55fe12b6f91b64963141f17558,
3109ff266629d191d5ebc51dc74897cf,
4d5b58d8750e89018d7e22e2dc74e1c5,
c99171621f304c09600d78bcbf6cd179,
b249d510c50f5e1c8bd429a1bf0cd5cb,
581636e983177c28aecc1d8a60e9fea9,
b1dea02f11c17b4aab9bdabea4708639,
60d707daa13311796d9f074d810515da,
62cfbad12abc6a6939ac7e0ac61e923e,
1f65a2ee320ce139200cd9e72a726da9,
256144c988dbdb17533351e7d862bf07,
30b57d7587afc786d8a6593ba3c2e163,
7586a52aff6068841556ff5f8c57f656,
36cb60a65fc495577a20570bac7da583,
1f7fc068e61fbda26ba3e1e40bad68bf,
c2e73b6b49224e33d342ff66e62de342,
36ad0f3d37c32e13fbb583d506f8b370,
c8119efa111b90e4a57840063c3ca9c7,
a2c97c894d6b4acdeb20f64238ddc8ce,
7915d54ab143e0bfc7e7f36af313088c,
c7fc634c1ae10cbcf621bbcfaaafe7f5,
b994e5630afed161baa7829e6cac1a13,
2a5924224d558da4a9b6b2df03e51b59,
cd58cc48122c0a4ace4f779f3b203237,
ebc8466e5a2c7f8ca5c5df0a8ce4a1f2,
743eeac37bd10c1ade28ed335d37eb22,
1b9b8832e8ad549ecbe01092422f1be9,
83e25b8a83a21c1557d468603b953b9d,
e72e8ef8dd81f9e99e1874bf143507bd,
0d5cd77f86a057a02d61b5262e069622,
8e505984c8041c5e2614c5cb4e14bcce,
73bf162c088521e78f32cea10b771fa7,
bd7aef48815941ca78a46206c210491c,
d45a5c83d27c3df35b454afc922ad5b6,
12c9d934ef2f3c7567591e0cf138d8fc,
465bc116a451c108d0395f398931adbf,
1d942dd648d94faf609e1588f7aed465,
78b042fd8bec20589686c97d4dc57111,
80477426adbb5e2897676ee8e8c8e6dc,
36e6fe41a31f026cf0ffafae0eb45595,
98b812b50db3dfcdb74068e97da8d2dd,
25207adb58d2e62b91539c378c26786d,
fac77a04cc57dd0f84b3dd2e5734eb51,
263b8d8d61f7eecc734dbdc23b854e66,
6413fa020ef9cdbba3ea44307e4c793e,
f60ce274319ec2ea318af223a5ee9a81,
7239e41bc5d410df11a7f9308100b86f,
f8b82afd99e5b8e8f4b0eea9b896172b,
6e5139f43801b263c466257b93ded247,
7701cb32060dc169bc5d2317235db3a8,
cb74de431389438f610e3e70fead44a5,
3dba1c06ede2eaeec12925357d107445,
ab3d05b93f60fa31e641ac3609a549e9,
317aa1f54519e65ce1e3855346e7bad4,
b5a3b8d297a574e4406bd11fd5b6ec24,
399434b91e74cb5211c5ea1a301f431a,
17c2c6feeea11a7779d21e6f99b7b714,
43b3aa6e4deda0957de2aea0ada373f5,
